sample_idx,time_s,x_raw,x_g,x_m_s2,device_name,ble_address,odr_hz,capture_elapsed_us,read_failures,overflow_ram
0,0.0,-9,-0.0021959999999999996,-0.021535403399999997,XIAO-IMU-2,83:49:4C:A3:DE:DB,3330,2000989,0,0
1,0.0011875305637982197,24,0.005856,0.057427742399999995,XIAO-IMU-2,83:49:4C:A3:DE:DB,3330,2000989,0,0
2,0.0023750611275964394,4,0.000976,0.0095712904,XIAO-IMU-2,83:49:4C:A3:DE:DB,3330,2000989,0,0
3,0.003562591691394659,5,0.00122,0.011964112999999998,XIAO-IMU-2,83:49:4C:A3:DE:DB,3330,2000989,0,0
4,0.004750122255192879,13,0.003172,0.031106693799999998,XIAO-IMU-2,83:49:4C:A3:DE:DB,3330,2000989,0,0
5,0.005937652818991099,4,0.000976,0.0095712904,XIAO-IMU-2,83:49:4C:A3:DE:DB,3330,2000989,0,0
6,0.007125183382789318,2,0.000488,0.0047856452,XIAO-IMU-2,83:49:4C:A3:DE:DB,3330,2000989,0,0
7,0.008312713946587539,-11,-0.002684,-0.0263210486,XIAO-IMU-2,83:49:4C:A3:DE:DB,3330,2000989,0,0
8,0.009500244510385758,7,0.0017079999999999999,0.0167497582,XIAO-IMU-2,83:49:4C:A3:DE:DB,3330,2000989,0,0
9,0.010687775074183977,8,0.001952,0.0191425808,XIAO-IMU-2,83:49:4C:A3:DE:DB,3330,2000989,0,0
10,0.011875305637982198,-8,-0.001952,-0.0191425808,XIAO-IMU-2,83:49:4C:A3:DE:DB,3330,2000989,0,0
11,0.013062836201780417,-10,-0.00244,-0.023928225999999997,XIAO-IMU-2,83:49:4C:A3:DE:DB,3330,2000989,0,0
12,0.014250366765578636,11,0.002684,0.0263210486,XIAO-IMU-2,83:49:4C:A3:DE:DB,3330,2000989,0,0
13,0.015437897329376856,-1,-0.000244,-0.0023928226,XIAO-IMU-2,83:49:4C:A3:DE:DB,3330,2000989,0,0
14,0.016625427893175077,-5,-0.00122,-0.011964112999999998,XIAO-IMU-2,83:49:4C:A3:DE:DB,3330,2000989,0,0
15,0.017812958456973296,14,0.0034159999999999998,0.0334995164,XIAO-IMU-2,83:49:4C:A3:DE:DB,3330,2000989,0,0
16,0.019000489020771515,21,0.005124,0.0502492746,XIAO-IMU-2,83:49:4C:A3:DE:DB,3330,2000989,0,0
17,0.020188019584569734,-8,-0.001952,-0.0191425808,XIAO-IMU-2,83:49:4C:A3:DE:DB,3330,2000989,0,0
18,0.021375550148367953,6,0.001464,0.014356935599999999,XIAO-IMU-2,83:49:4C:A3:DE:DB,3330,2000989,0,0
19,0.022563080712166176,-15,-0.00366,-0.035892338999999995,XIAO-IMU-2,83:49:4C:A3:DE:DB,3330,2000989,0,0
20,0.023750611275964395,-4,-0.000976,-0.0095712904,XIAO-IMU-2,83:49:4C:A3:DE:DB,3330,2000989,0,0
21,0.024938141839762614,-5,-0.00122,-0.011964112999999998,XIAO-IMU-2,83:49:4C:A3:DE:DB,3330,2000989,0,0
22,0.026125672403560833,-3,-0.000732,-0.007178467799999999,XIAO-IMU-2,83:49:4C:A3:DE:DB,3330,2000989,0,0
23,0.027313202967359052,-8,-0.001952,-0.0191425808,XIAO-IMU-2,83:49:4C:A3:DE:DB,3330,2000989,0,0
24,0.02850073353115727,-2,-0.000488,-0.0047856452,XIAO-IMU-2,83:49:4C:A3:DE:DB,3330,2000989,0,0
25,0.029688264094955494,14,0.0034159999999999998,0.0334995164,XIAO-IMU-2,83:49:4C:A3:DE:DB,3330,2000989,0,0
26,0.030875794658753713,6,0.001464,0.014356935599999999,XIAO-IMU-2,83:49:4C:A3:DE:DB,3330,2000989,0,0
27,0.03206332522255193,6,0.001464,0.014356935599999999,XIAO-IMU-2,83:49:4C:A3:DE:DB,3330,2000989,0,0
28,0.033250855786350154,6,0.001464,0.014356935599999999,XIAO-IMU-2,83:49:4C:A3:DE:DB,3330,2000989,0,0
29,0.03443838635014837,3,0.000732,0.007178467799999999,XIAO-IMU-2,83:49:4C:A3:DE:DB,3330,2000989,0,0
30,0.03562591691394659,2,0.000488,0.0047856452,XIAO-IMU-2,83:49:4C:A3:DE:DB,3330,2000989,0,0
31,0.03681344747774481,5,0.00122,0.011964112999999998,XIAO-IMU-2,83:49:4C:A3:DE:DB,3330,2000989,0,0
32,0.03800097804154303,7,0.0017079999999999999,0.0167497582,XIAO-IMU-2,83:49:4C:A3:DE:DB,3330,2000989,0,0
33,0.03918850860534125,6,0.001464,0.014356935599999999,XIAO-IMU-2,83:49:4C:A3:DE:DB,3330,2000989,0,0
34,0.04037603916913947,14,0.0034159999999999998,0.0334995164,XIAO-IMU-2,83:49:4C:A3:DE:DB,3330,2000989,0,0
35,0.04156356973293769,-9,-0.0021959999999999996,-0.021535403399999997,XIAO-IMU-2,83:49:4C:A3:DE:DB,3330,2000989,0,0
36,0.04275110029673591,6,0.001464,0.014356935599999999,XIAO-IMU-2,83:49:4C:A3:DE:DB,3330,2000989,0,0
37,0.04393863086053413,10,0.00244,0.023928225999999997,XIAO-IMU-2,83:49:4C:A3:DE:DB,3330,2000989,0,0
38,0.04512616142433235,1,0.000244,0.0023928226,XIAO-IMU-2,83:49:4C:A3:DE:DB,3330,2000989,0,0
39,0.04631369198813057,10,0.00244,0.023928225999999997,XIAO-IMU-2,83:49:4C:A3:DE:DB,3330,2000989,0,0
40,0.04750122255192879,7,0.0017079999999999999,0.0167497582,XIAO-IMU-2,83:49:4C:A3:DE:DB,3330,2000989,0,0
41,0.048688753115727006,4,0.000976,0.0095712904,XIAO-IMU-2,83:49:4C:A3:DE:DB,3330,2000989,0,0
42,0.04987628367952523,9,0.0021959999999999996,0.021535403399999997,XIAO-IMU-2,83:49:4C:A3:DE:DB,3330,2000989,0,0
43,0.05106381424332345,6,0.001464,0.014356935599999999,XIAO-IMU-2,83:49:4C:A3:DE:DB,3330,2000989,0,0
44,0.052251344807121666,9,0.0021959999999999996,0.021535403399999997,XIAO-IMU-2,83:49:4C:A3:DE:DB,3330,2000989,0,0
45,0.05343887537091989,4,0.000976,0.0095712904,XIAO-IMU-2,83:49:4C:A3:DE:DB,3330,2000989,0,0
46,0.054626405934718104,-6,-0.001464,-0.014356935599999999,XIAO-IMU-2,83:49:4C:A3:DE:DB,3330,2000989,0,0
47,0.05581393649851633,10,0.00244,0.023928225999999997,XIAO-IMU-2,83:49:4C:A3:DE:DB,3330,2000989,0,0
48,0.05700146706231454,-3,-0.000732,-0.007178467799999999,XIAO-IMU-2,83:49:4C:A3:DE:DB,3330,2000989,0,0
49,0.058188997626112765,-4,-0.000976,-0.0095712904,XIAO-IMU-2,83:49:4C:A3:DE:DB,3330,2000989,0,0
50,0.05937652818991099,21,0.005124,0.0502492746,XIAO-IMU-2,83:49:4C:A3:DE:DB,3330,2000989,0,0
51,0.0605640587537092,-3,-0.000732,-0.007178467799999999,XIAO-IMU-2,83:49:4C:A3:DE:DB,3330,2000989,0,0
52,0.061751589317507426,-7,-0.0017079999999999999,-0.0167497582,XIAO-IMU-2,83:49:4C:A3:DE:DB,3330,2000989,0,0
53,0.06293911988130564,11,0.002684,0.0263210486,XIAO-IMU-2,83:49:4C:A3:DE:DB,3330,2000989,0,0
54,0.06412665044510386,-14,-0.0034159999999999998,-0.0334995164,XIAO-IMU-2,83:49:4C:A3:DE:DB,3330,2000989,0,0
55,0.06531418100890209,12,0.002928,0.028713871199999998,XIAO-IMU-2,83:49:4C:A3:DE:DB,3330,2000989,0,0
56,0.06650171157270031,16,0.003904,0.0382851616,XIAO-IMU-2,83:49:4C:A3:DE:DB,3330,2000989,0,0
57,0.06768924213649852,18,0.004391999999999999,0.04307080679999999,XIAO-IMU-2,83:49:4C:A3:DE:DB,3330,2000989,0,0
58,0.06887677270029674,11,0.002684,0.0263210486,XIAO-IMU-2,83:49:4C:A3:DE:DB,3330,2000989,0,0
59,0.07006430326409496,-12,-0.002928,-0.028713871199999998,XIAO-IMU-2,83:49:4C:A3:DE:DB,3330,2000989,0,0
60,0.07125183382789319,0,0.0,0.0,XIAO-IMU-2,83:49:4C:A3:DE:DB,3330,2000989,0,0
61,0.07243936439169141,4,0.000976,0.0095712904,XIAO-IMU-2,83:49:4C:A3:DE:DB,3330,2000989,0,0
62,0.07362689495548962,7,0.0017079999999999999,0.0167497582,XIAO-IMU-2,83:49:4C:A3:DE:DB,3330,2000989,0,0
63,0.07481442551928784,-14,-0.0034159999999999998,-0.0334995164,XIAO-IMU-2,83:49:4C:A3:DE:DB,3330,2000989,0,0
64,0.07600195608308606,19,0.004636,0.045463629400000004,XIAO-IMU-2,83:49:4C:A3:DE:DB,3330,2000989,0,0
65,0.07718948664688428,16,0.003904,0.0382851616,XIAO-IMU-2,83:49:4C:A3:DE:DB,3330,2000989,0,0
66,0.0783770172106825,-2,-0.000488,-0.0047856452,XIAO-IMU-2,83:49:4C:A3:DE:DB,3330,2000989,0,0
67,0.07956454777448072,1,0.000244,0.0023928226,XIAO-IMU-2,83:49:4C:A3:DE:DB,3330,2000989,0,0
68,0.08075207833827894,-19,-0.004636,-0.045463629400000004,XIAO-IMU-2,83:49:4C:A3:DE:DB,3330,2000989,0,0
69,0.08193960890207716,-2,-0.000488,-0.0047856452,XIAO-IMU-2,83:49:4C:A3:DE:DB,3330,2000989,0,0
70,0.08312713946587538,5,0.00122,0.011964112999999998,XIAO-IMU-2,83:49:4C:A3:DE:DB,3330,2000989,0,0
71,0.0843146700296736,-8,-0.001952,-0.0191425808,XIAO-IMU-2,83:49:4C:A3:DE:DB,3330,2000989,0,0
72,0.08550220059347181,15,0.00366,0.035892338999999995,XIAO-IMU-2,83:49:4C:A3:DE:DB,3330,2000989,0,0
73,0.08668973115727004,-15,-0.00366,-0.035892338999999995,XIAO-IMU-2,83:49:4C:A3:DE:DB,3330,2000989,0,0
74,0.08787726172106826,11,0.002684,0.0263210486,XIAO-IMU-2,83:49:4C:A3:DE:DB,3330,2000989,0,0
75,0.08906479228486648,-9,-0.0021959999999999996,-0.021535403399999997,XIAO-IMU-2,83:49:4C:A3:DE:DB,3330,2000989,0,0
76,0.0902523228486647,-7,-0.0017079999999999999,-0.0167497582,XIAO-IMU-2,83:49:4C:A3:DE:DB,3330,2000989,0,0
77,0.09143985341246291,-2,-0.000488,-0.0047856452,XIAO-IMU-2,83:49:4C:A3:DE:DB,3330,2000989,0,0
78,0.09262738397626114,5,0.00122,0.011964112999999998,XIAO-IMU-2,83:49:4C:A3:DE:DB,3330,2000989,0,0
79,0.09381491454005936,-6,-0.001464,-0.014356935599999999,XIAO-IMU-2,83:49:4C:A3:DE:DB,3330,2000989,0,0
80,0.09500244510385758,-12,-0.002928,-0.028713871199999998,XIAO-IMU-2,83:49:4C:A3:DE:DB,3330,2000989,0,0
81,0.0961899756676558,14,0.0034159999999999998,0.0334995164,XIAO-IMU-2,83:49:4C:A3:DE:DB,3330,2000989,0,0
82,0.09737750623145401,-7,-0.0017079999999999999,-0.0167497582,XIAO-IMU-2,83:49:4C:A3:DE:DB,3330,2000989,0,0
83,0.09856503679525223,7,0.0017079999999999999,0.0167497582,XIAO-IMU-2,83:49:4C:A3:DE:DB,3330,2000989,0,0
84,0.09975256735905046,7,0.0017079999999999999,0.0167497582,XIAO-IMU-2,83:49:4C:A3:DE:DB,3330,2000989,0,0
85,0.10094009792284868,7,0.0017079999999999999,0.0167497582,XIAO-IMU-2,83:49:4C:A3:DE:DB,3330,2000989,0,0
86,0.1021276284866469,6,0.001464,0.014356935599999999,XIAO-IMU-2,83:49:4C:A3:DE:DB,3330,2000989,0,0
87,0.10331515905044511,-10,-0.00244,-0.023928225999999997,XIAO-IMU-2,83:49:4C:A3:DE:DB,3330,2000989,0,0
88,0.10450268961424333,2,0.000488,0.0047856452,XIAO-IMU-2,83:49:4C:A3:DE:DB,3330,2000989,0,0
89,0.10569022017804156,20,0.00488,0.047856451999999994,XIAO-IMU-2,83:49:4C:A3:DE:DB,3330,2000989,0,0
90,0.10687775074183978,19,0.004636,0.045463629400000004,XIAO-IMU-2,83:49:4C:A3:DE:DB,3330,2000989,0,0
91,0.108065281305638,-9,-0.0021959999999999996,-0.021535403399999997,XIAO-IMU-2,83:49:4C:A3:DE:DB,3330,2000989,0,0
92,0.10925281186943621,-8,-0.001952,-0.0191425808,XIAO-IMU-2,83:49:4C:A3:DE:DB,3330,2000989,0,0
93,0.11044034243323443,-6,-0.001464,-0.014356935599999999,XIAO-IMU-2,83:49:4C:A3:DE:DB,3330,2000989,0,0
94,0.11162787299703265,8,0.001952,0.0191425808,XIAO-IMU-2,83:49:4C:A3:DE:DB,3330,2000989,0,0
95,0.11281540356083088,-6,-0.001464,-0.014356935599999999,XIAO-IMU-2,83:49:4C:A3:DE:DB,3330,2000989,0,0
96,0.11400293412462909,15,0.00366,0.035892338999999995,XIAO-IMU-2,83:49:4C:A3:DE:DB,3330,2000989,0,0
97,0.11519046468842731,3,0.000732,0.007178467799999999,XIAO-IMU-2,83:49:4C:A3:DE:DB,3330,2000989,0,0
98,0.11637799525222553,7,0.0017079999999999999,0.0167497582,XIAO-IMU-2,83:49:4C:A3:DE:DB,3330,2000989,0,0
99,0.11756552581602375,-1,-0.000244,-0.0023928226,XIAO-IMU-2,83:49:4C:A3:DE:DB,3330,2000989,0,0
100,0.11875305637982198,-9,-0.0021959999999999996,-0.021535403399999997,XIAO-IMU-2,83:49:4C:A3:DE:DB,3330,2000989,0,0
101,0.11994058694362018,9,0.0021959999999999996,0.021535403399999997,XIAO-IMU-2,83:49:4C:A3:DE:DB,3330,2000989,0,0
102,0.1211281175074184,0,0.0,0.0,XIAO-IMU-2,83:49:4C:A3:DE:DB,3330,2000989,0,0
103,0.12231564807121663,-10,-0.00244,-0.023928225999999997,XIAO-IMU-2,83:49:4C:A3:DE:DB,3330,2000989,0,0
104,0.12350317863501485,-3,-0.000732,-0.007178467799999999,XIAO-IMU-2,83:49:4C:A3:DE:DB,3330,2000989,0,0
105,0.12469070919881307,13,0.003172,0.031106693799999998,XIAO-IMU-2,83:49:4C:A3:DE:DB,3330,2000989,0,0
106,0.12587823976261128,-3,-0.000732,-0.007178467799999999,XIAO-IMU-2,83:49:4C:A3:DE:DB,3330,2000989,0,0
107,0.1270657703264095,-11,-0.002684,-0.0263210486,XIAO-IMU-2,83:49:4C:A3:DE:DB,3330,2000989,0,0
108,0.12825330089020773,12,0.002928,0.028713871199999998,XIAO-IMU-2,83:49:4C:A3:DE:DB,3330,2000989,0,0
109,0.12944083145400595,-1,-0.000244,-0.0023928226,XIAO-IMU-2,83:49:4C:A3:DE:DB,3330,2000989,0,0
110,0.13062836201780417,2,0.000488,0.0047856452,XIAO-IMU-2,83:49:4C:A3:DE:DB,3330,2000989,0,0
111,0.1318158925816024,-2,-0.000488,-0.0047856452,XIAO-IMU-2,83:49:4C:A3:DE:DB,3330,2000989,0,0
112,0.13300342314540062,-2,-0.000488,-0.0047856452,XIAO-IMU-2,83:49:4C:A3:DE:DB,3330,2000989,0,0
113,0.13419095370919884,1,0.000244,0.0023928226,XIAO-IMU-2,83:49:4C:A3:DE:DB,3330,2000989,0,0
114,0.13537848427299704,26,0.006344,0.062213387599999996,XIAO-IMU-2,83:49:4C:A3:DE:DB,3330,2000989,0,0
115,0.13656601483679526,3,0.000732,0.007178467799999999,XIAO-IMU-2,83:49:4C:A3:DE:DB,3330,2000989,0,0
116,0.13775354540059348,-2,-0.000488,-0.0047856452,XIAO-IMU-2,83:49:4C:A3:DE:DB,3330,2000989,0,0
117,0.1389410759643917,14,0.0034159999999999998,0.0334995164,XIAO-IMU-2,83:49:4C:A3:DE:DB,3330,2000989,0,0
118,0.14012860652818993,1,0.000244,0.0023928226,XIAO-IMU-2,83:49:4C:A3:DE:DB,3330,2000989,0,0
119,0.14131613709198815,-16,-0.003904,-0.0382851616,XIAO-IMU-2,83:49:4C:A3:DE:DB,3330,2000989,0,0
120,0.14250366765578637,-5,-0.00122,-0.011964112999999998,XIAO-IMU-2,83:49:4C:A3:DE:DB,3330,2000989,0,0
121,0.1436911982195846,14,0.0034159999999999998,0.0334995164,XIAO-IMU-2,83:49:4C:A3:DE:DB,3330,2000989,0,0
122,0.14487872878338282,1,0.000244,0.0023928226,XIAO-IMU-2,83:49:4C:A3:DE:DB,3330,2000989,0,0
123,0.14606625934718104,14,0.0034159999999999998,0.0334995164,XIAO-IMU-2,83:49:4C:A3:DE:DB,3330,2000989,0,0
124,0.14725378991097923,-2,-0.000488,-0.0047856452,XIAO-IMU-2,83:49:4C:A3:DE:DB,3330,2000989,0,0
125,0.14844132047477746,10,0.00244,0.023928225999999997,XIAO-IMU-2,83:49:4C:A3:DE:DB,3330,2000989,0,0
126,0.14962885103857568,-15,-0.00366,-0.035892338999999995,XIAO-IMU-2,83:49:4C:A3:DE:DB,3330,2000989,0,0
127,0.1508163816023739,-7,-0.0017079999999999999,-0.0167497582,XIAO-IMU-2,83:49:4C:A3:DE:DB,3330,2000989,0,0
128,0.15200391216617212,-17,-0.004148,-0.040677984199999996,XIAO-IMU-2,83:49:4C:A3:DE:DB,3330,2000989,0,0
129,0.15319144272997035,-20,-0.00488,-0.047856451999999994,XIAO-IMU-2,83:49:4C:A3:DE:DB,3330,2000989,0,0
130,0.15437897329376857,-10,-0.00244,-0.023928225999999997,XIAO-IMU-2,83:49:4C:A3:DE:DB,3330,2000989,0,0
131,0.1555665038575668,10,0.00244,0.023928225999999997,XIAO-IMU-2,83:49:4C:A3:DE:DB,3330,2000989,0,0
132,0.156754034421365,11,0.002684,0.0263210486,XIAO-IMU-2,83:49:4C:A3:DE:DB,3330,2000989,0,0
133,0.1579415649851632,7,0.0017079999999999999,0.0167497582,XIAO-IMU-2,83:49:4C:A3:DE:DB,3330,2000989,0,0
134,0.15912909554896143,8,0.001952,0.0191425808,XIAO-IMU-2,83:49:4C:A3:DE:DB,3330,2000989,0,0
135,0.16031662611275965,-6,-0.001464,-0.014356935599999999,XIAO-IMU-2,83:49:4C:A3:DE:DB,3330,2000989,0,0
136,0.16150415667655788,10,0.00244,0.023928225999999997,XIAO-IMU-2,83:49:4C:A3:DE:DB,3330,2000989,0,0
137,0.1626916872403561,29,0.007076,0.0693918554,XIAO-IMU-2,83:49:4C:A3:DE:DB,3330,2000989,0,0
138,0.16387921780415432,-8,-0.001952,-0.0191425808,XIAO-IMU-2,83:49:4C:A3:DE:DB,3330,2000989,0,0
139,0.16506674836795254,-1,-0.000244,-0.0023928226,XIAO-IMU-2,83:49:4C:A3:DE:DB,3330,2000989,0,0
140,0.16625427893175077,2,0.000488,0.0047856452,XIAO-IMU-2,83:49:4C:A3:DE:DB,3330,2000989,0,0
141,0.167441809495549,-7,-0.0017079999999999999,-0.0167497582,XIAO-IMU-2,83:49:4C:A3:DE:DB,3330,2000989,0,0
142,0.1686293400593472,0,0.0,0.0,XIAO-IMU-2,83:49:4C:A3:DE:DB,3330,2000989,0,0
143,0.1698168706231454,6,0.001464,0.014356935599999999,XIAO-IMU-2,83:49:4C:A3:DE:DB,3330,2000989,0,0
144,0.17100440118694363,-12,-0.002928,-0.028713871199999998,XIAO-IMU-2,83:49:4C:A3:DE:DB,3330,2000989,0,0
145,0.17219193175074185,9,0.0021959999999999996,0.021535403399999997,XIAO-IMU-2,83:49:4C:A3:DE:DB,3330,2000989,0,0
146,0.17337946231454007,-4,-0.000976,-0.0095712904,XIAO-IMU-2,83:49:4C:A3:DE:DB,3330,2000989,0,0
147,0.1745669928783383,8,0.001952,0.0191425808,XIAO-IMU-2,83:49:4C:A3:DE:DB,3330,2000989,0,0
148,0.17575452344213652,3,0.000732,0.007178467799999999,XIAO-IMU-2,83:49:4C:A3:DE:DB,3330,2000989,0,0
149,0.17694205400593474,-9,-0.0021959999999999996,-0.021535403399999997,XIAO-IMU-2,83:49:4C:A3:DE:DB,3330,2000989,0,0
150,0.17812958456973296,2,0.000488,0.0047856452,XIAO-IMU-2,83:49:4C:A3:DE:DB,3330,2000989,0,0
151,0.17931711513353119,1,0.000244,0.0023928226,XIAO-IMU-2,83:49:4C:A3:DE:DB,3330,2000989,0,0
152,0.1805046456973294,2,0.000488,0.0047856452,XIAO-IMU-2,83:49:4C:A3:DE:DB,3330,2000989,0,0
153,0.1816921762611276,-25,-0.0060999999999999995,-0.05982056499999999,XIAO-IMU-2,83:49:4C:A3:DE:DB,3330,2000989,0,0
154,0.18287970682492583,-2,-0.000488,-0.0047856452,XIAO-IMU-2,83:49:4C:A3:DE:DB,3330,2000989,0,0
155,0.18406723738872405,11,0.002684,0.0263210486,XIAO-IMU-2,83:49:4C:A3:DE:DB,3330,2000989,0,0
156,0.18525476795252227,16,0.003904,0.0382851616,XIAO-IMU-2,83:49:4C:A3:DE:DB,3330,2000989,0,0
157,0.1864422985163205,-10,-0.00244,-0.023928225999999997,XIAO-IMU-2,83:49:4C:A3:DE:DB,3330,2000989,0,0
158,0.18762982908011872,0,0.0,0.0,XIAO-IMU-2,83:49:4C:A3:DE:DB,3330,2000989,0,0
159,0.18881735964391694,2,0.000488,0.0047856452,XIAO-IMU-2,83:49:4C:A3:DE:DB,3330,2000989,0,0
160,0.19000489020771516,-9,-0.0021959999999999996,-0.021535403399999997,XIAO-IMU-2,83:49:4C:A3:DE:DB,3330,2000989,0,0
161,0.19119242077151338,-1,-0.000244,-0.0023928226,XIAO-IMU-2,83:49:4C:A3:DE:DB,3330,2000989,0,0
162,0.1923799513353116,-10,-0.00244,-0.023928225999999997,XIAO-IMU-2,83:49:4C:A3:DE:DB,3330,2000989,0,0
163,0.1935674818991098,-7,-0.0017079999999999999,-0.0167497582,XIAO-IMU-2,83:49:4C:A3:DE:DB,3330,2000989,0,0
164,0.19475501246290802,-8,-0.001952,-0.0191425808,XIAO-IMU-2,83:49:4C:A3:DE:DB,3330,2000989,0,0
165,0.19594254302670625,-9,-0.0021959999999999996,-0.021535403399999997,XIAO-IMU-2,83:49:4C:A3:DE:DB,3330,2000989,0,0
166,0.19713007359050447,4,0.000976,0.0095712904,XIAO-IMU-2,83:49:4C:A3:DE:DB,3330,2000989,0,0
167,0.1983176041543027,-8,-0.001952,-0.0191425808,XIAO-IMU-2,83:49:4C:A3:DE:DB,3330,2000989,0,0
168,0.1995051347181009,1,0.000244,0.0023928226,XIAO-IMU-2,83:49:4C:A3:DE:DB,3330,2000989,0,0
169,0.20069266528189914,4,0.000976,0.0095712904,XIAO-IMU-2,83:49:4C:A3:DE:DB,3330,2000989,0,0
170,0.20188019584569736,8,0.001952,0.0191425808,XIAO-IMU-2,83:49:4C:A3:DE:DB,3330,2000989,0,0
171,0.20306772640949558,1,0.000244,0.0023928226,XIAO-IMU-2,83:49:4C:A3:DE:DB,3330,2000989,0,0
172,0.2042552569732938,15,0.00366,0.035892338999999995,XIAO-IMU-2,83:49:4C:A3:DE:DB,3330,2000989,0,0
173,0.205442787537092,2,0.000488,0.0047856452,XIAO-IMU-2,83:49:4C:A3:DE:DB,3330,2000989,0,0
174,0.20663031810089022,1,0.000244,0.0023928226,XIAO-IMU-2,83:49:4C:A3:DE:DB,3330,2000989,0,0
175,0.20781784866468844,2,0.000488,0.0047856452,XIAO-IMU-2,83:49:4C:A3:DE:DB,3330,2000989,0,0
176,0.20900537922848667,19,0.004636,0.045463629400000004,XIAO-IMU-2,83:49:4C:A3:DE:DB,3330,2000989,0,0
177,0.2101929097922849,-4,-0.000976,-0.0095712904,XIAO-IMU-2,83:49:4C:A3:DE:DB,3330,2000989,0,0
178,0.2113804403560831,10,0.00244,0.023928225999999997,XIAO-IMU-2,83:49:4C:A3:DE:DB,3330,2000989,0,0
179,0.21256797091988133,3,0.000732,0.007178467799999999,XIAO-IMU-2,83:49:4C:A3:DE:DB,3330,2000989,0,0
180,0.21375550148367956,-1,-0.000244,-0.0023928226,XIAO-IMU-2,83:49:4C:A3:DE:DB,3330,2000989,0,0
181,0.21494303204747778,3,0.000732,0.007178467799999999,XIAO-IMU-2,83:49:4C:A3:DE:DB,3330,2000989,0,0
182,0.216130562611276,5,0.00122,0.011964112999999998,XIAO-IMU-2,83:49:4C:A3:DE:DB,3330,2000989,0,0
183,0.2173180931750742,6,0.001464,0.014356935599999999,XIAO-IMU-2,83:49:4C:A3:DE:DB,3330,2000989,0,0
184,0.21850562373887242,-7,-0.0017079999999999999,-0.0167497582,XIAO-IMU-2,83:49:4C:A3:DE:DB,3330,2000989,0,0
185,0.21969315430267064,16,0.003904,0.0382851616,XIAO-IMU-2,83:49:4C:A3:DE:DB,3330,2000989,0,0
186,0.22088068486646886,0,0.0,0.0,XIAO-IMU-2,83:49:4C:A3:DE:DB,3330,2000989,0,0
187,0.22206821543026709,13,0.003172,0.031106693799999998,XIAO-IMU-2,83:49:4C:A3:DE:DB,3330,2000989,0,0
188,0.2232557459940653,4,0.000976,0.0095712904,XIAO-IMU-2,83:49:4C:A3:DE:DB,3330,2000989,0,0
189,0.22444327655786353,4,0.000976,0.0095712904,XIAO-IMU-2,83:49:4C:A3:DE:DB,3330,2000989,0,0
190,0.22563080712166175,6,0.001464,0.014356935599999999,XIAO-IMU-2,83:49:4C:A3:DE:DB,3330,2000989,0,0
191,0.22681833768545998,0,0.0,0.0,XIAO-IMU-2,83:49:4C:A3:DE:DB,3330,2000989,0,0
192,0.22800586824925817,-3,-0.000732,-0.007178467799999999,XIAO-IMU-2,83:49:4C:A3:DE:DB,3330,2000989,0,0
193,0.2291933988130564,-1,-0.000244,-0.0023928226,XIAO-IMU-2,83:49:4C:A3:DE:DB,3330,2000989,0,0
194,0.23038092937685462,8,0.001952,0.0191425808,XIAO-IMU-2,83:49:4C:A3:DE:DB,3330,2000989,0,0
195,0.23156845994065284,-12,-0.002928,-0.028713871199999998,XIAO-IMU-2,83:49:4C:A3:DE:DB,3330,2000989,0,0
196,0.23275599050445106,2,0.000488,0.0047856452,XIAO-IMU-2,83:49:4C:A3:DE:DB,3330,2000989,0,0
197,0.23394352106824928,-13,-0.003172,-0.031106693799999998,XIAO-IMU-2,83:49:4C:A3:DE:DB,3330,2000989,0,0
198,0.2351310516320475,-8,-0.001952,-0.0191425808,XIAO-IMU-2,83:49:4C:A3:DE:DB,3330,2000989,0,0
199,0.23631858219584573,0,0.0,0.0,XIAO-IMU-2,83:49:4C:A3:DE:DB,3330,2000989,0,0
200,0.23750611275964395,-5,-0.00122,-0.011964112999999998,XIAO-IMU-2,83:49:4C:A3:DE:DB,3330,2000989,0,0
201,0.23869364332344217,6,0.001464,0.014356935599999999,XIAO-IMU-2,83:49:4C:A3:DE:DB,3330,2000989,0,0
202,0.23988117388724037,-3,-0.000732,-0.007178467799999999,XIAO-IMU-2,83:49:4C:A3:DE:DB,3330,2000989,0,0
203,0.2410687044510386,5,0.00122,0.011964112999999998,XIAO-IMU-2,83:49:4C:A3:DE:DB,3330,2000989,0,0
204,0.2422562350148368,-4,-0.000976,-0.0095712904,XIAO-IMU-2,83:49:4C:A3:DE:DB,3330,2000989,0,0
205,0.24344376557863504,3,0.000732,0.007178467799999999,XIAO-IMU-2,83:49:4C:A3:DE:DB,3330,2000989,0,0
206,0.24463129614243326,0,0.0,0.0,XIAO-IMU-2,83:49:4C:A3:DE:DB,3330,2000989,0,0
207,0.24581882670623148,0,0.0,0.0,XIAO-IMU-2,83:49:4C:A3:DE:DB,3330,2000989,0,0
208,0.2470063572700297,-2,-0.000488,-0.0047856452,XIAO-IMU-2,83:49:4C:A3:DE:DB,3330,2000989,0,0
209,0.24819388783382793,11,0.002684,0.0263210486,XIAO-IMU-2,83:49:4C:A3:DE:DB,3330,2000989,0,0
210,0.24938141839762615,8,0.001952,0.0191425808,XIAO-IMU-2,83:49:4C:A3:DE:DB,3330,2000989,0,0
211,0.25056894896142434,-2,-0.000488,-0.0047856452,XIAO-IMU-2,83:49:4C:A3:DE:DB,3330,2000989,0,0
212,0.25175647952522257,-2,-0.000488,-0.0047856452,XIAO-IMU-2,83:49:4C:A3:DE:DB,3330,2000989,0,0
213,0.2529440100890208,17,0.004148,0.040677984199999996,XIAO-IMU-2,83:49:4C:A3:DE:DB,3330,2000989,0,0
214,0.254131540652819,-3,-0.000732,-0.007178467799999999,XIAO-IMU-2,83:49:4C:A3:DE:DB,3330,2000989,0,0
215,0.25531907121661723,-10,-0.00244,-0.023928225999999997,XIAO-IMU-2,83:49:4C:A3:DE:DB,3330,2000989,0,0
216,0.25650660178041546,-2,-0.000488,-0.0047856452,XIAO-IMU-2,83:49:4C:A3:DE:DB,3330,2000989,0,0
217,0.2576941323442137,1,0.000244,0.0023928226,XIAO-IMU-2,83:49:4C:A3:DE:DB,3330,2000989,0,0
218,0.2588816629080119,-9,-0.0021959999999999996,-0.021535403399999997,XIAO-IMU-2,83:49:4C:A3:DE:DB,3330,2000989,0,0
219,0.2600691934718101,6,0.001464,0.014356935599999999,XIAO-IMU-2,83:49:4C:A3:DE:DB,3330,2000989,0,0
220,0.26125672403560835,1,0.000244,0.0023928226,XIAO-IMU-2,83:49:4C:A3:DE:DB,3330,2000989,0,0
221,0.26244425459940657,6,0.001464,0.014356935599999999,XIAO-IMU-2,83:49:4C:A3:DE:DB,3330,2000989,0,0
222,0.2636317851632048,2,0.000488,0.0047856452,XIAO-IMU-2,83:49:4C:A3:DE:DB,3330,2000989,0,0
223,0.264819315727003,3,0.000732,0.007178467799999999,XIAO-IMU-2,83:49:4C:A3:DE:DB,3330,2000989,0,0
224,0.26600684629080124,7,0.0017079999999999999,0.0167497582,XIAO-IMU-2,83:49:4C:A3:DE:DB,3330,2000989,0,0
225,0.26719437685459946,2,0.000488,0.0047856452,XIAO-IMU-2,83:49:4C:A3:DE:DB,3330,2000989,0,0
226,0.2683819074183977,15,0.00366,0.035892338999999995,XIAO-IMU-2,83:49:4C:A3:DE:DB,3330,2000989,0,0
227,0.26956943798219585,5,0.00122,0.011964112999999998,XIAO-IMU-2,83:49:4C:A3:DE:DB,3330,2000989,0,0
228,0.27075696854599407,24,0.005856,0.057427742399999995,XIAO-IMU-2,83:49:4C:A3:DE:DB,3330,2000989,0,0
229,0.2719444991097923,3,0.000732,0.007178467799999999,XIAO-IMU-2,83:49:4C:A3:DE:DB,3330,2000989,0,0
230,0.2731320296735905,-6,-0.001464,-0.014356935599999999,XIAO-IMU-2,83:49:4C:A3:DE:DB,3330,2000989,0,0
231,0.27431956023738874,13,0.003172,0.031106693799999998,XIAO-IMU-2,83:49:4C:A3:DE:DB,3330,2000989,0,0
232,0.27550709080118696,-5,-0.00122,-0.011964112999999998,XIAO-IMU-2,83:49:4C:A3:DE:DB,3330,2000989,0,0
233,0.2766946213649852,-7,-0.0017079999999999999,-0.0167497582,XIAO-IMU-2,83:49:4C:A3:DE:DB,3330,2000989,0,0
234,0.2778821519287834,-5,-0.00122,-0.011964112999999998,XIAO-IMU-2,83:49:4C:A3:DE:DB,3330,2000989,0,0
235,0.2790696824925816,5,0.00122,0.011964112999999998,XIAO-IMU-2,83:49:4C:A3:DE:DB,3330,2000989,0,0
236,0.28025721305637985,3,0.000732,0.007178467799999999,XIAO-IMU-2,83:49:4C:A3:DE:DB,3330,2000989,0,0
237,0.2814447436201781,4,0.000976,0.0095712904,XIAO-IMU-2,83:49:4C:A3:DE:DB,3330,2000989,0,0
238,0.2826322741839763,-2,-0.000488,-0.0047856452,XIAO-IMU-2,83:49:4C:A3:DE:DB,3330,2000989,0,0
239,0.2838198047477745,21,0.005124,0.0502492746,XIAO-IMU-2,83:49:4C:A3:DE:DB,3330,2000989,0,0
240,0.28500733531157274,6,0.001464,0.014356935599999999,XIAO-IMU-2,83:49:4C:A3:DE:DB,3330,2000989,0,0
241,0.28619486587537096,-8,-0.001952,-0.0191425808,XIAO-IMU-2,83:49:4C:A3:DE:DB,3330,2000989,0,0
242,0.2873823964391692,4,0.000976,0.0095712904,XIAO-IMU-2,83:49:4C:A3:DE:DB,3330,2000989,0,0
243,0.2885699270029674,14,0.0034159999999999998,0.0334995164,XIAO-IMU-2,83:49:4C:A3:DE:DB,3330,2000989,0,0
244,0.28975745756676563,4,0.000976,0.0095712904,XIAO-IMU-2,83:49:4C:A3:DE:DB,3330,2000989,0,0
245,0.29094498813056385,8,0.001952,0.0191425808,XIAO-IMU-2,83:49:4C:A3:DE:DB,3330,2000989,0,0
246,0.2921325186943621,-2,-0.000488,-0.0047856452,XIAO-IMU-2,83:49:4C:A3:DE:DB,3330,2000989,0,0
247,0.29332004925816024,3,0.000732,0.007178467799999999,XIAO-IMU-2,83:49:4C:A3:DE:DB,3330,2000989,0,0
248,0.29450757982195847,13,0.003172,0.031106693799999998,XIAO-IMU-2,83:49:4C:A3:DE:DB,3330,2000989,0,0
249,0.2956951103857567,-6,-0.001464,-0.014356935599999999,XIAO-IMU-2,83:49:4C:A3:DE:DB,3330,2000989,0,0
250,0.2968826409495549,-5,-0.00122,-0.011964112999999998,XIAO-IMU-2,83:49:4C:A3:DE:DB,3330,2000989,0,0
251,0.29807017151335313,-4,-0.000976,-0.0095712904,XIAO-IMU-2,83:49:4C:A3:DE:DB,3330,2000989,0,0
252,0.29925770207715136,-3,-0.000732,-0.007178467799999999,XIAO-IMU-2,83:49:4C:A3:DE:DB,3330,2000989,0,0
253,0.3004452326409496,-11,-0.002684,-0.0263210486,XIAO-IMU-2,83:49:4C:A3:DE:DB,3330,2000989,0,0
254,0.3016327632047478,-8,-0.001952,-0.0191425808,XIAO-IMU-2,83:49:4C:A3:DE:DB,3330,2000989,0,0
255,0.302820293768546,4,0.000976,0.0095712904,XIAO-IMU-2,83:49:4C:A3:DE:DB,3330,2000989,0,0
256,0.30400782433234425,7,0.0017079999999999999,0.0167497582,XIAO-IMU-2,83:49:4C:A3:DE:DB,3330,2000989,0,0
257,0.30519535489614247,6,0.001464,0.014356935599999999,XIAO-IMU-2,83:49:4C:A3:DE:DB,3330,2000989,0,0
258,0.3063828854599407,12,0.002928,0.028713871199999998,XIAO-IMU-2,83:49:4C:A3:DE:DB,3330,2000989,0,0
259,0.3075704160237389,12,0.002928,0.028713871199999998,XIAO-IMU-2,83:49:4C:A3:DE:DB,3330,2000989,0,0
260,0.30875794658753714,12,0.002928,0.028713871199999998,XIAO-IMU-2,83:49:4C:A3:DE:DB,3330,2000989,0,0
261,0.30994547715133536,21,0.005124,0.0502492746,XIAO-IMU-2,83:49:4C:A3:DE:DB,3330,2000989,0,0
262,0.3111330077151336,2,0.000488,0.0047856452,XIAO-IMU-2,83:49:4C:A3:DE:DB,3330,2000989,0,0
263,0.3123205382789318,3,0.000732,0.007178467799999999,XIAO-IMU-2,83:49:4C:A3:DE:DB,3330,2000989,0,0
264,0.31350806884273,-11,-0.002684,-0.0263210486,XIAO-IMU-2,83:49:4C:A3:DE:DB,3330,2000989,0,0
265,0.31469559940652825,12,0.002928,0.028713871199999998,XIAO-IMU-2,83:49:4C:A3:DE:DB,3330,2000989,0,0
266,0.3158831299703264,3,0.000732,0.007178467799999999,XIAO-IMU-2,83:49:4C:A3:DE:DB,3330,2000989,0,0
267,0.31707066053412464,-15,-0.00366,-0.035892338999999995,XIAO-IMU-2,83:49:4C:A3:DE:DB,3330,2000989,0,0
268,0.31825819109792286,-3,-0.000732,-0.007178467799999999,XIAO-IMU-2,83:49:4C:A3:DE:DB,3330,2000989,0,0
269,0.3194457216617211,-7,-0.0017079999999999999,-0.0167497582,XIAO-IMU-2,83:49:4C:A3:DE:DB,3330,2000989,0,0
270,0.3206332522255193,-14,-0.0034159999999999998,-0.0334995164,XIAO-IMU-2,83:49:4C:A3:DE:DB,3330,2000989,0,0
271,0.3218207827893175,-3,-0.000732,-0.007178467799999999,XIAO-IMU-2,83:49:4C:A3:DE:DB,3330,2000989,0,0
272,0.32300831335311575,-4,-0.000976,-0.0095712904,XIAO-IMU-2,83:49:4C:A3:DE:DB,3330,2000989,0,0
273,0.324195843916914,4,0.000976,0.0095712904,XIAO-IMU-2,83:49:4C:A3:DE:DB,3330,2000989,0,0
274,0.3253833744807122,2,0.000488,0.0047856452,XIAO-IMU-2,83:49:4C:A3:DE:DB,3330,2000989,0,0
275,0.3265709050445104,7,0.0017079999999999999,0.0167497582,XIAO-IMU-2,83:49:4C:A3:DE:DB,3330,2000989,0,0
276,0.32775843560830864,13,0.003172,0.031106693799999998,XIAO-IMU-2,83:49:4C:A3:DE:DB,3330,2000989,0,0
277,0.32894596617210686,7,0.0017079999999999999,0.0167497582,XIAO-IMU-2,83:49:4C:A3:DE:DB,3330,2000989,0,0
278,0.3301334967359051,-5,-0.00122,-0.011964112999999998,XIAO-IMU-2,83:49:4C:A3:DE:DB,3330,2000989,0,0
279,0.3313210272997033,14,0.0034159999999999998,0.0334995164,XIAO-IMU-2,83:49:4C:A3:DE:DB,3330,2000989,0,0
280,0.33250855786350153,1,0.000244,0.0023928226,XIAO-IMU-2,83:49:4C:A3:DE:DB,3330,2000989,0,0
281,0.33369608842729975,-7,-0.0017079999999999999,-0.0167497582,XIAO-IMU-2,83:49:4C:A3:DE:DB,3330,2000989,0,0
282,0.334883618991098,0,0.0,0.0,XIAO-IMU-2,83:49:4C:A3:DE:DB,3330,2000989,0,0
283,0.3360711495548962,6,0.001464,0.014356935599999999,XIAO-IMU-2,83:49:4C:A3:DE:DB,3330,2000989,0,0
284,0.3372586801186944,-12,-0.002928,-0.028713871199999998,XIAO-IMU-2,83:49:4C:A3:DE:DB,3330,2000989,0,0
285,0.33844621068249264,2,0.000488,0.0047856452,XIAO-IMU-2,83:49:4C:A3:DE:DB,3330,2000989,0,0
286,0.3396337412462908,3,0.000732,0.007178467799999999,XIAO-IMU-2,83:49:4C:A3:DE:DB,3330,2000989,0,0
287,0.34082127181008903,1,0.000244,0.0023928226,XIAO-IMU-2,83:49:4C:A3:DE:DB,3330,2000989,0,0
288,0.34200880237388726,-1,-0.000244,-0.0023928226,XIAO-IMU-2,83:49:4C:A3:DE:DB,3330,2000989,0,0
289,0.3431963329376855,-17,-0.004148,-0.040677984199999996,XIAO-IMU-2,83:49:4C:A3:DE:DB,3330,2000989,0,0
290,0.3443838635014837,-1,-0.000244,-0.0023928226,XIAO-IMU-2,83:49:4C:A3:DE:DB,3330,2000989,0,0
291,0.3455713940652819,1,0.000244,0.0023928226,XIAO-IMU-2,83:49:4C:A3:DE:DB,3330,2000989,0,0
292,0.34675892462908015,-6,-0.001464,-0.014356935599999999,XIAO-IMU-2,83:49:4C:A3:DE:DB,3330,2000989,0,0
293,0.34794645519287837,14,0.0034159999999999998,0.0334995164,XIAO-IMU-2,83:49:4C:A3:DE:DB,3330,2000989,0,0
294,0.3491339857566766,-7,-0.0017079999999999999,-0.0167497582,XIAO-IMU-2,83:49:4C:A3:DE:DB,3330,2000989,0,0
295,0.3503215163204748,-10,-0.00244,-0.023928225999999997,XIAO-IMU-2,83:49:4C:A3:DE:DB,3330,2000989,0,0
296,0.35150904688427304,-3,-0.000732,-0.007178467799999999,XIAO-IMU-2,83:49:4C:A3:DE:DB,3330,2000989,0,0
297,0.35269657744807126,-4,-0.000976,-0.0095712904,XIAO-IMU-2,83:49:4C:A3:DE:DB,3330,2000989,0,0
298,0.3538841080118695,-3,-0.000732,-0.007178467799999999,XIAO-IMU-2,83:49:4C:A3:DE:DB,3330,2000989,0,0
299,0.3550716385756677,21,0.005124,0.0502492746,XIAO-IMU-2,83:49:4C:A3:DE:DB,3330,2000989,0,0
300,0.3562591691394659,-11,-0.002684,-0.0263210486,XIAO-IMU-2,83:49:4C:A3:DE:DB,3330,2000989,0,0
301,0.35744669970326415,18,0.004391999999999999,0.04307080679999999,XIAO-IMU-2,83:49:4C:A3:DE:DB,3330,2000989,0,0
302,0.35863423026706237,5,0.00122,0.011964112999999998,XIAO-IMU-2,83:49:4C:A3:DE:DB,3330,2000989,0,0
303,0.3598217608308606,-1,-0.000244,-0.0023928226,XIAO-IMU-2,83:49:4C:A3:DE:DB,3330,2000989,0,0
304,0.3610092913946588,2,0.000488,0.0047856452,XIAO-IMU-2,83:49:4C:A3:DE:DB,3330,2000989,0,0
305,0.36219682195845704,-7,-0.0017079999999999999,-0.0167497582,XIAO-IMU-2,83:49:4C:A3:DE:DB,3330,2000989,0,0
306,0.3633843525222552,-11,-0.002684,-0.0263210486,XIAO-IMU-2,83:49:4C:A3:DE:DB,3330,2000989,0,0
307,0.3645718830860534,2,0.000488,0.0047856452,XIAO-IMU-2,83:49:4C:A3:DE:DB,3330,2000989,0,0
308,0.36575941364985165,12,0.002928,0.028713871199999998,XIAO-IMU-2,83:49:4C:A3:DE:DB,3330,2000989,0,0
309,0.3669469442136499,15,0.00366,0.035892338999999995,XIAO-IMU-2,83:49:4C:A3:DE:DB,3330,2000989,0,0
310,0.3681344747774481,-7,-0.0017079999999999999,-0.0167497582,XIAO-IMU-2,83:49:4C:A3:DE:DB,3330,2000989,0,0
311,0.3693220053412463,10,0.00244,0.023928225999999997,XIAO-IMU-2,83:49:4C:A3:DE:DB,3330,2000989,0,0
312,0.37050953590504454,-5,-0.00122,-0.011964112999999998,XIAO-IMU-2,83:49:4C:A3:DE:DB,3330,2000989,0,0
313,0.37169706646884276,11,0.002684,0.0263210486,XIAO-IMU-2,83:49:4C:A3:DE:DB,3330,2000989,0,0
314,0.372884597032641,3,0.000732,0.007178467799999999,XIAO-IMU-2,83:49:4C:A3:DE:DB,3330,2000989,0,0
315,0.3740721275964392,1,0.000244,0.0023928226,XIAO-IMU-2,83:49:4C:A3:DE:DB,3330,2000989,0,0
316,0.37525965816023743,-10,-0.00244,-0.023928225999999997,XIAO-IMU-2,83:49:4C:A3:DE:DB,3330,2000989,0,0
317,0.37644718872403565,3,0.000732,0.007178467799999999,XIAO-IMU-2,83:49:4C:A3:DE:DB,3330,2000989,0,0
318,0.3776347192878339,11,0.002684,0.0263210486,XIAO-IMU-2,83:49:4C:A3:DE:DB,3330,2000989,0,0
319,0.3788222498516321,8,0.001952,0.0191425808,XIAO-IMU-2,83:49:4C:A3:DE:DB,3330,2000989,0,0
320,0.3800097804154303,7,0.0017079999999999999,0.0167497582,XIAO-IMU-2,83:49:4C:A3:DE:DB,3330,2000989,0,0
321,0.38119731097922854,5,0.00122,0.011964112999999998,XIAO-IMU-2,83:49:4C:A3:DE:DB,3330,2000989,0,0
322,0.38238484154302677,-7,-0.0017079999999999999,-0.0167497582,XIAO-IMU-2,83:49:4C:A3:DE:DB,3330,2000989,0,0
323,0.383572372106825,8,0.001952,0.0191425808,XIAO-IMU-2,83:49:4C:A3:DE:DB,3330,2000989,0,0
324,0.3847599026706232,-5,-0.00122,-0.011964112999999998,XIAO-IMU-2,83:49:4C:A3:DE:DB,3330,2000989,0,0
325,0.3859474332344214,7,0.0017079999999999999,0.0167497582,XIAO-IMU-2,83:49:4C:A3:DE:DB,3330,2000989,0,0
326,0.3871349637982196,5,0.00122,0.011964112999999998,XIAO-IMU-2,83:49:4C:A3:DE:DB,3330,2000989,0,0
327,0.3883224943620178,11,0.002684,0.0263210486,XIAO-IMU-2,83:49:4C:A3:DE:DB,3330,2000989,0,0
328,0.38951002492581605,-9,-0.0021959999999999996,-0.021535403399999997,XIAO-IMU-2,83:49:4C:A3:DE:DB,3330,2000989,0,0
329,0.39069755548961427,-1,-0.000244,-0.0023928226,XIAO-IMU-2,83:49:4C:A3:DE:DB,3330,2000989,0,0
330,0.3918850860534125,4,0.000976,0.0095712904,XIAO-IMU-2,83:49:4C:A3:DE:DB,3330,2000989,0,0
331,0.3930726166172107,-7,-0.0017079999999999999,-0.0167497582,XIAO-IMU-2,83:49:4C:A3:DE:DB,3330,2000989,0,0
332,0.39426014718100894,11,0.002684,0.0263210486,XIAO-IMU-2,83:49:4C:A3:DE:DB,3330,2000989,0,0
333,0.39544767774480716,-6,-0.001464,-0.014356935599999999,XIAO-IMU-2,83:49:4C:A3:DE:DB,3330,2000989,0,0
334,0.3966352083086054,-6,-0.001464,-0.014356935599999999,XIAO-IMU-2,83:49:4C:A3:DE:DB,3330,2000989,0,0
335,0.3978227388724036,5,0.00122,0.011964112999999998,XIAO-IMU-2,83:49:4C:A3:DE:DB,3330,2000989,0,0
336,0.3990102694362018,14,0.0034159999999999998,0.0334995164,XIAO-IMU-2,83:49:4C:A3:DE:DB,3330,2000989,0,0
337,0.40019780000000005,-4,-0.000976,-0.0095712904,XIAO-IMU-2,83:49:4C:A3:DE:DB,3330,2000989,0,0
338,0.40138533056379827,6,0.001464,0.014356935599999999,XIAO-IMU-2,83:49:4C:A3:DE:DB,3330,2000989,0,0
339,0.4025728611275965,-4,-0.000976,-0.0095712904,XIAO-IMU-2,83:49:4C:A3:DE:DB,3330,2000989,0,0
340,0.4037603916913947,3,0.000732,0.007178467799999999,XIAO-IMU-2,83:49:4C:A3:DE:DB,3330,2000989,0,0
341,0.40494792225519294,-7,-0.0017079999999999999,-0.0167497582,XIAO-IMU-2,83:49:4C:A3:DE:DB,3330,2000989,0,0
342,0.40613545281899116,-5,-0.00122,-0.011964112999999998,XIAO-IMU-2,83:49:4C:A3:DE:DB,3330,2000989,0,0
343,0.4073229833827894,1,0.000244,0.0023928226,XIAO-IMU-2,83:49:4C:A3:DE:DB,3330,2000989,0,0
344,0.4085105139465876,11,0.002684,0.0263210486,XIAO-IMU-2,83:49:4C:A3:DE:DB,3330,2000989,0,0
345,0.4096980445103858,-7,-0.0017079999999999999,-0.0167497582,XIAO-IMU-2,83:49:4C:A3:DE:DB,3330,2000989,0,0
346,0.410885575074184,12,0.002928,0.028713871199999998,XIAO-IMU-2,83:49:4C:A3:DE:DB,3330,2000989,0,0
347,0.4120731056379822,7,0.0017079999999999999,0.0167497582,XIAO-IMU-2,83:49:4C:A3:DE:DB,3330,2000989,0,0
348,0.41326063620178044,8,0.001952,0.0191425808,XIAO-IMU-2,83:49:4C:A3:DE:DB,3330,2000989,0,0
349,0.41444816676557866,5,0.00122,0.011964112999999998,XIAO-IMU-2,83:49:4C:A3:DE:DB,3330,2000989,0,0
350,0.4156356973293769,-17,-0.004148,-0.040677984199999996,XIAO-IMU-2,83:49:4C:A3:DE:DB,3330,2000989,0,0
351,0.4168232278931751,-6,-0.001464,-0.014356935599999999,XIAO-IMU-2,83:49:4C:A3:DE:DB,3330,2000989,0,0
352,0.41801075845697333,6,0.001464,0.014356935599999999,XIAO-IMU-2,83:49:4C:A3:DE:DB,3330,2000989,0,0
353,0.41919828902077155,6,0.001464,0.014356935599999999,XIAO-IMU-2,83:49:4C:A3:DE:DB,3330,2000989,0,0
354,0.4203858195845698,23,0.005612,0.05503491979999999,XIAO-IMU-2,83:49:4C:A3:DE:DB,3330,2000989,0,0
355,0.421573350148368,2,0.000488,0.0047856452,XIAO-IMU-2,83:49:4C:A3:DE:DB,3330,2000989,0,0
356,0.4227608807121662,-4,-0.000976,-0.0095712904,XIAO-IMU-2,83:49:4C:A3:DE:DB,3330,2000989,0,0
357,0.42394841127596444,7,0.0017079999999999999,0.0167497582,XIAO-IMU-2,83:49:4C:A3:DE:DB,3330,2000989,0,0
358,0.42513594183976267,18,0.004391999999999999,0.04307080679999999,XIAO-IMU-2,83:49:4C:A3:DE:DB,3330,2000989,0,0
359,0.4263234724035609,13,0.003172,0.031106693799999998,XIAO-IMU-2,83:49:4C:A3:DE:DB,3330,2000989,0,0
360,0.4275110029673591,-1,-0.000244,-0.0023928226,XIAO-IMU-2,83:49:4C:A3:DE:DB,3330,2000989,0,0
361,0.42869853353115733,-7,-0.0017079999999999999,-0.0167497582,XIAO-IMU-2,83:49:4C:A3:DE:DB,3330,2000989,0,0
362,0.42988606409495556,13,0.003172,0.031106693799999998,XIAO-IMU-2,83:49:4C:A3:DE:DB,3330,2000989,0,0
363,0.4310735946587538,23,0.005612,0.05503491979999999,XIAO-IMU-2,83:49:4C:A3:DE:DB,3330,2000989,0,0
364,0.432261125222552,6,0.001464,0.014356935599999999,XIAO-IMU-2,83:49:4C:A3:DE:DB,3330,2000989,0,0
365,0.43344865578635017,-5,-0.00122,-0.011964112999999998,XIAO-IMU-2,83:49:4C:A3:DE:DB,3330,2000989,0,0
366,0.4346361863501484,1,0.000244,0.0023928226,XIAO-IMU-2,83:49:4C:A3:DE:DB,3330,2000989,0,0
367,0.4358237169139466,-19,-0.004636,-0.045463629400000004,XIAO-IMU-2,83:49:4C:A3:DE:DB,3330,2000989,0,0
368,0.43701124747774484,6,0.001464,0.014356935599999999,XIAO-IMU-2,83:49:4C:A3:DE:DB,3330,2000989,0,0
369,0.43819877804154306,-7,-0.0017079999999999999,-0.0167497582,XIAO-IMU-2,83:49:4C:A3:DE:DB,3330,2000989,0,0
370,0.4393863086053413,-13,-0.003172,-0.031106693799999998,XIAO-IMU-2,83:49:4C:A3:DE:DB,3330,2000989,0,0
371,0.4405738391691395,2,0.000488,0.0047856452,XIAO-IMU-2,83:49:4C:A3:DE:DB,3330,2000989,0,0
372,0.4417613697329377,-7,-0.0017079999999999999,-0.0167497582,XIAO-IMU-2,83:49:4C:A3:DE:DB,3330,2000989,0,0
373,0.44294890029673595,-11,-0.002684,-0.0263210486,XIAO-IMU-2,83:49:4C:A3:DE:DB,3330,2000989,0,0
374,0.44413643086053417,3,0.000732,0.007178467799999999,XIAO-IMU-2,83:49:4C:A3:DE:DB,3330,2000989,0,0
375,0.4453239614243324,-2,-0.000488,-0.0047856452,XIAO-IMU-2,83:49:4C:A3:DE:DB,3330,2000989,0,0
376,0.4465114919881306,2,0.000488,0.0047856452,XIAO-IMU-2,83:49:4C:A3:DE:DB,3330,2000989,0,0
377,0.44769902255192884,-8,-0.001952,-0.0191425808,XIAO-IMU-2,83:49:4C:A3:DE:DB,3330,2000989,0,0
378,0.44888655311572706,9,0.0021959999999999996,0.021535403399999997,XIAO-IMU-2,83:49:4C:A3:DE:DB,3330,2000989,0,0
379,0.4500740836795253,0,0.0,0.0,XIAO-IMU-2,83:49:4C:A3:DE:DB,3330,2000989,0,0
380,0.4512616142433235,16,0.003904,0.0382851616,XIAO-IMU-2,83:49:4C:A3:DE:DB,3330,2000989,0,0
381,0.45244914480712173,9,0.0021959999999999996,0.021535403399999997,XIAO-IMU-2,83:49:4C:A3:DE:DB,3330,2000989,0,0
382,0.45363667537091995,-10,-0.00244,-0.023928225999999997,XIAO-IMU-2,83:49:4C:A3:DE:DB,3330,2000989,0,0
383,0.4548242059347182,-11,-0.002684,-0.0263210486,XIAO-IMU-2,83:49:4C:A3:DE:DB,3330,2000989,0,0
384,0.45601173649851634,-8,-0.001952,-0.0191425808,XIAO-IMU-2,83:49:4C:A3:DE:DB,3330,2000989,0,0
385,0.45719926706231456,-5,-0.00122,-0.011964112999999998,XIAO-IMU-2,83:49:4C:A3:DE:DB,3330,2000989,0,0
386,0.4583867976261128,2,0.000488,0.0047856452,XIAO-IMU-2,83:49:4C:A3:DE:DB,3330,2000989,0,0
387,0.459574328189911,1,0.000244,0.0023928226,XIAO-IMU-2,83:49:4C:A3:DE:DB,3330,2000989,0,0
388,0.46076185875370923,9,0.0021959999999999996,0.021535403399999997,XIAO-IMU-2,83:49:4C:A3:DE:DB,3330,2000989,0,0
389,0.46194938931750745,-12,-0.002928,-0.028713871199999998,XIAO-IMU-2,83:49:4C:A3:DE:DB,3330,2000989,0,0
390,0.4631369198813057,-12,-0.002928,-0.028713871199999998,XIAO-IMU-2,83:49:4C:A3:DE:DB,3330,2000989,0,0
391,0.4643244504451039,2,0.000488,0.0047856452,XIAO-IMU-2,83:49:4C:A3:DE:DB,3330,2000989,0,0
392,0.4655119810089021,1,0.000244,0.0023928226,XIAO-IMU-2,83:49:4C:A3:DE:DB,3330,2000989,0,0
393,0.46669951157270034,-11,-0.002684,-0.0263210486,XIAO-IMU-2,83:49:4C:A3:DE:DB,3330,2000989,0,0
394,0.46788704213649857,12,0.002928,0.028713871199999998,XIAO-IMU-2,83:49:4C:A3:DE:DB,3330,2000989,0,0
395,0.4690745727002968,5,0.00122,0.011964112999999998,XIAO-IMU-2,83:49:4C:A3:DE:DB,3330,2000989,0,0
396,0.470262103264095,3,0.000732,0.007178467799999999,XIAO-IMU-2,83:49:4C:A3:DE:DB,3330,2000989,0,0
397,0.47144963382789323,21,0.005124,0.0502492746,XIAO-IMU-2,83:49:4C:A3:DE:DB,3330,2000989,0,0
398,0.47263716439169146,6,0.001464,0.014356935599999999,XIAO-IMU-2,83:49:4C:A3:DE:DB,3330,2000989,0,0
399,0.4738246949554897,23,0.005612,0.05503491979999999,XIAO-IMU-2,83:49:4C:A3:DE:DB,3330,2000989,0,0
400,0.4750122255192879,-3,-0.000732,-0.007178467799999999,XIAO-IMU-2,83:49:4C:A3:DE:DB,3330,2000989,0,0
401,0.4761997560830861,3,0.000732,0.007178467799999999,XIAO-IMU-2,83:49:4C:A3:DE:DB,3330,2000989,0,0
402,0.47738728664688435,8,0.001952,0.0191425808,XIAO-IMU-2,83:49:4C:A3:DE:DB,3330,2000989,0,0
403,0.47857481721068257,7,0.0017079999999999999,0.0167497582,XIAO-IMU-2,83:49:4C:A3:DE:DB,3330,2000989,0,0
404,0.47976234777448074,14,0.0034159999999999998,0.0334995164,XIAO-IMU-2,83:49:4C:A3:DE:DB,3330,2000989,0,0
405,0.48094987833827896,14,0.0034159999999999998,0.0334995164,XIAO-IMU-2,83:49:4C:A3:DE:DB,3330,2000989,0,0
406,0.4821374089020772,15,0.00366,0.035892338999999995,XIAO-IMU-2,83:49:4C:A3:DE:DB,3330,2000989,0,0
407,0.4833249394658754,-7,-0.0017079999999999999,-0.0167497582,XIAO-IMU-2,83:49:4C:A3:DE:DB,3330,2000989,0,0
408,0.4845124700296736,1,0.000244,0.0023928226,XIAO-IMU-2,83:49:4C:A3:DE:DB,3330,2000989,0,0
409,0.48570000059347185,1,0.000244,0.0023928226,XIAO-IMU-2,83:49:4C:A3:DE:DB,3330,2000989,0,0
410,0.48688753115727007,1,0.000244,0.0023928226,XIAO-IMU-2,83:49:4C:A3:DE:DB,3330,2000989,0,0
411,0.4880750617210683,5,0.00122,0.011964112999999998,XIAO-IMU-2,83:49:4C:A3:DE:DB,3330,2000989,0,0
412,0.4892625922848665,27,0.006588,0.0646062102,XIAO-IMU-2,83:49:4C:A3:DE:DB,3330,2000989,0,0
413,0.49045012284866474,2,0.000488,0.0047856452,XIAO-IMU-2,83:49:4C:A3:DE:DB,3330,2000989,0,0
414,0.49163765341246296,9,0.0021959999999999996,0.021535403399999997,XIAO-IMU-2,83:49:4C:A3:DE:DB,3330,2000989,0,0
415,0.4928251839762612,-7,-0.0017079999999999999,-0.0167497582,XIAO-IMU-2,83:49:4C:A3:DE:DB,3330,2000989,0,0
416,0.4940127145400594,-1,-0.000244,-0.0023928226,XIAO-IMU-2,83:49:4C:A3:DE:DB,3330,2000989,0,0
417,0.49520024510385763,-1,-0.000244,-0.0023928226,XIAO-IMU-2,83:49:4C:A3:DE:DB,3330,2000989,0,0
418,0.49638777566765585,-11,-0.002684,-0.0263210486,XIAO-IMU-2,83:49:4C:A3:DE:DB,3330,2000989,0,0
419,0.4975753062314541,18,0.004391999999999999,0.04307080679999999,XIAO-IMU-2,83:49:4C:A3:DE:DB,3330,2000989,0,0
420,0.4987628367952523,6,0.001464,0.014356935599999999,XIAO-IMU-2,83:49:4C:A3:DE:DB,3330,2000989,0,0
421,0.4999503673590505,8,0.001952,0.0191425808,XIAO-IMU-2,83:49:4C:A3:DE:DB,3330,2000989,0,0
422,0.5011378979228487,1,0.000244,0.0023928226,XIAO-IMU-2,83:49:4C:A3:DE:DB,3330,2000989,0,0
423,0.502325428486647,5,0.00122,0.011964112999999998,XIAO-IMU-2,83:49:4C:A3:DE:DB,3330,2000989,0,0
424,0.5035129590504451,-3,-0.000732,-0.007178467799999999,XIAO-IMU-2,83:49:4C:A3:DE:DB,3330,2000989,0,0
425,0.5047004896142434,-8,-0.001952,-0.0191425808,XIAO-IMU-2,83:49:4C:A3:DE:DB,3330,2000989,0,0
426,0.5058880201780416,-9,-0.0021959999999999996,-0.021535403399999997,XIAO-IMU-2,83:49:4C:A3:DE:DB,3330,2000989,0,0
427,0.5070755507418399,-8,-0.001952,-0.0191425808,XIAO-IMU-2,83:49:4C:A3:DE:DB,3330,2000989,0,0
428,0.508263081305638,1,0.000244,0.0023928226,XIAO-IMU-2,83:49:4C:A3:DE:DB,3330,2000989,0,0
429,0.5094506118694363,-11,-0.002684,-0.0263210486,XIAO-IMU-2,83:49:4C:A3:DE:DB,3330,2000989,0,0
430,0.5106381424332345,-15,-0.00366,-0.035892338999999995,XIAO-IMU-2,83:49:4C:A3:DE:DB,3330,2000989,0,0
431,0.5118256729970327,8,0.001952,0.0191425808,XIAO-IMU-2,83:49:4C:A3:DE:DB,3330,2000989,0,0
432,0.5130132035608309,-24,-0.005856,-0.057427742399999995,XIAO-IMU-2,83:49:4C:A3:DE:DB,3330,2000989,0,0
433,0.5142007341246292,5,0.00122,0.011964112999999998,XIAO-IMU-2,83:49:4C:A3:DE:DB,3330,2000989,0,0
434,0.5153882646884274,6,0.001464,0.014356935599999999,XIAO-IMU-2,83:49:4C:A3:DE:DB,3330,2000989,0,0
435,0.5165757952522255,2,0.000488,0.0047856452,XIAO-IMU-2,83:49:4C:A3:DE:DB,3330,2000989,0,0
436,0.5177633258160238,3,0.000732,0.007178467799999999,XIAO-IMU-2,83:49:4C:A3:DE:DB,3330,2000989,0,0
437,0.518950856379822,-1,-0.000244,-0.0023928226,XIAO-IMU-2,83:49:4C:A3:DE:DB,3330,2000989,0,0
438,0.5201383869436202,12,0.002928,0.028713871199999998,XIAO-IMU-2,83:49:4C:A3:DE:DB,3330,2000989,0,0
439,0.5213259175074184,12,0.002928,0.028713871199999998,XIAO-IMU-2,83:49:4C:A3:DE:DB,3330,2000989,0,0
440,0.5225134480712167,-8,-0.001952,-0.0191425808,XIAO-IMU-2,83:49:4C:A3:DE:DB,3330,2000989,0,0
441,0.5237009786350149,-6,-0.001464,-0.014356935599999999,XIAO-IMU-2,83:49:4C:A3:DE:DB,3330,2000989,0,0
442,0.5248885091988131,5,0.00122,0.011964112999999998,XIAO-IMU-2,83:49:4C:A3:DE:DB,3330,2000989,0,0
443,0.5260760397626113,9,0.0021959999999999996,0.021535403399999997,XIAO-IMU-2,83:49:4C:A3:DE:DB,3330,2000989,0,0
444,0.5272635703264096,-1,-0.000244,-0.0023928226,XIAO-IMU-2,83:49:4C:A3:DE:DB,3330,2000989,0,0
445,0.5284511008902077,1,0.000244,0.0023928226,XIAO-IMU-2,83:49:4C:A3:DE:DB,3330,2000989,0,0
446,0.529638631454006,0,0.0,0.0,XIAO-IMU-2,83:49:4C:A3:DE:DB,3330,2000989,0,0
447,0.5308261620178042,-9,-0.0021959999999999996,-0.021535403399999997,XIAO-IMU-2,83:49:4C:A3:DE:DB,3330,2000989,0,0
448,0.5320136925816025,3,0.000732,0.007178467799999999,XIAO-IMU-2,83:49:4C:A3:DE:DB,3330,2000989,0,0
449,0.5332012231454006,-9,-0.0021959999999999996,-0.021535403399999997,XIAO-IMU-2,83:49:4C:A3:DE:DB,3330,2000989,0,0
450,0.5343887537091989,-6,-0.001464,-0.014356935599999999,XIAO-IMU-2,83:49:4C:A3:DE:DB,3330,2000989,0,0
451,0.5355762842729971,5,0.00122,0.011964112999999998,XIAO-IMU-2,83:49:4C:A3:DE:DB,3330,2000989,0,0
452,0.5367638148367954,27,0.006588,0.0646062102,XIAO-IMU-2,83:49:4C:A3:DE:DB,3330,2000989,0,0
453,0.5379513454005935,26,0.006344,0.062213387599999996,XIAO-IMU-2,83:49:4C:A3:DE:DB,3330,2000989,0,0
454,0.5391388759643917,13,0.003172,0.031106693799999998,XIAO-IMU-2,83:49:4C:A3:DE:DB,3330,2000989,0,0
455,0.54032640652819,6,0.001464,0.014356935599999999,XIAO-IMU-2,83:49:4C:A3:DE:DB,3330,2000989,0,0
456,0.5415139370919881,7,0.0017079999999999999,0.0167497582,XIAO-IMU-2,83:49:4C:A3:DE:DB,3330,2000989,0,0
457,0.5427014676557864,20,0.00488,0.047856451999999994,XIAO-IMU-2,83:49:4C:A3:DE:DB,3330,2000989,0,0
458,0.5438889982195846,4,0.000976,0.0095712904,XIAO-IMU-2,83:49:4C:A3:DE:DB,3330,2000989,0,0
459,0.5450765287833829,4,0.000976,0.0095712904,XIAO-IMU-2,83:49:4C:A3:DE:DB,3330,2000989,0,0
460,0.546264059347181,10,0.00244,0.023928225999999997,XIAO-IMU-2,83:49:4C:A3:DE:DB,3330,2000989,0,0
461,0.5474515899109793,6,0.001464,0.014356935599999999,XIAO-IMU-2,83:49:4C:A3:DE:DB,3330,2000989,0,0
462,0.5486391204747775,10,0.00244,0.023928225999999997,XIAO-IMU-2,83:49:4C:A3:DE:DB,3330,2000989,0,0
463,0.5498266510385758,-4,-0.000976,-0.0095712904,XIAO-IMU-2,83:49:4C:A3:DE:DB,3330,2000989,0,0
464,0.5510141816023739,-5,-0.00122,-0.011964112999999998,XIAO-IMU-2,83:49:4C:A3:DE:DB,3330,2000989,0,0
465,0.5522017121661722,6,0.001464,0.014356935599999999,XIAO-IMU-2,83:49:4C:A3:DE:DB,3330,2000989,0,0
466,0.5533892427299704,-9,-0.0021959999999999996,-0.021535403399999997,XIAO-IMU-2,83:49:4C:A3:DE:DB,3330,2000989,0,0
467,0.5545767732937686,-2,-0.000488,-0.0047856452,XIAO-IMU-2,83:49:4C:A3:DE:DB,3330,2000989,0,0
468,0.5557643038575668,9,0.0021959999999999996,0.021535403399999997,XIAO-IMU-2,83:49:4C:A3:DE:DB,3330,2000989,0,0
469,0.5569518344213651,-6,-0.001464,-0.014356935599999999,XIAO-IMU-2,83:49:4C:A3:DE:DB,3330,2000989,0,0
470,0.5581393649851633,-9,-0.0021959999999999996,-0.021535403399999997,XIAO-IMU-2,83:49:4C:A3:DE:DB,3330,2000989,0,0
471,0.5593268955489615,6,0.001464,0.014356935599999999,XIAO-IMU-2,83:49:4C:A3:DE:DB,3330,2000989,0,0
472,0.5605144261127597,9,0.0021959999999999996,0.021535403399999997,XIAO-IMU-2,83:49:4C:A3:DE:DB,3330,2000989,0,0
473,0.5617019566765579,4,0.000976,0.0095712904,XIAO-IMU-2,83:49:4C:A3:DE:DB,3330,2000989,0,0
474,0.5628894872403561,-7,-0.0017079999999999999,-0.0167497582,XIAO-IMU-2,83:49:4C:A3:DE:DB,3330,2000989,0,0
475,0.5640770178041543,-16,-0.003904,-0.0382851616,XIAO-IMU-2,83:49:4C:A3:DE:DB,3330,2000989,0,0
476,0.5652645483679526,12,0.002928,0.028713871199999998,XIAO-IMU-2,83:49:4C:A3:DE:DB,3330,2000989,0,0
477,0.5664520789317508,13,0.003172,0.031106693799999998,XIAO-IMU-2,83:49:4C:A3:DE:DB,3330,2000989,0,0
478,0.567639609495549,-9,-0.0021959999999999996,-0.021535403399999997,XIAO-IMU-2,83:49:4C:A3:DE:DB,3330,2000989,0,0
479,0.5688271400593472,9,0.0021959999999999996,0.021535403399999997,XIAO-IMU-2,83:49:4C:A3:DE:DB,3330,2000989,0,0
480,0.5700146706231455,-4,-0.000976,-0.0095712904,XIAO-IMU-2,83:49:4C:A3:DE:DB,3330,2000989,0,0
481,0.5712022011869436,10,0.00244,0.023928225999999997,XIAO-IMU-2,83:49:4C:A3:DE:DB,3330,2000989,0,0
482,0.5723897317507419,3,0.000732,0.007178467799999999,XIAO-IMU-2,83:49:4C:A3:DE:DB,3330,2000989,0,0
483,0.5735772623145401,6,0.001464,0.014356935599999999,XIAO-IMU-2,83:49:4C:A3:DE:DB,3330,2000989,0,0
484,0.5747647928783384,0,0.0,0.0,XIAO-IMU-2,83:49:4C:A3:DE:DB,3330,2000989,0,0
485,0.5759523234421365,1,0.000244,0.0023928226,XIAO-IMU-2,83:49:4C:A3:DE:DB,3330,2000989,0,0
486,0.5771398540059348,8,0.001952,0.0191425808,XIAO-IMU-2,83:49:4C:A3:DE:DB,3330,2000989,0,0
487,0.578327384569733,4,0.000976,0.0095712904,XIAO-IMU-2,83:49:4C:A3:DE:DB,3330,2000989,0,0
488,0.5795149151335313,4,0.000976,0.0095712904,XIAO-IMU-2,83:49:4C:A3:DE:DB,3330,2000989,0,0
489,0.5807024456973294,-5,-0.00122,-0.011964112999999998,XIAO-IMU-2,83:49:4C:A3:DE:DB,3330,2000989,0,0
490,0.5818899762611277,3,0.000732,0.007178467799999999,XIAO-IMU-2,83:49:4C:A3:DE:DB,3330,2000989,0,0
491,0.5830775068249259,2,0.000488,0.0047856452,XIAO-IMU-2,83:49:4C:A3:DE:DB,3330,2000989,0,0
492,0.5842650373887242,-15,-0.00366,-0.035892338999999995,XIAO-IMU-2,83:49:4C:A3:DE:DB,3330,2000989,0,0
493,0.5854525679525223,3,0.000732,0.007178467799999999,XIAO-IMU-2,83:49:4C:A3:DE:DB,3330,2000989,0,0
494,0.5866400985163205,-7,-0.0017079999999999999,-0.0167497582,XIAO-IMU-2,83:49:4C:A3:DE:DB,3330,2000989,0,0
495,0.5878276290801188,4,0.000976,0.0095712904,XIAO-IMU-2,83:49:4C:A3:DE:DB,3330,2000989,0,0
496,0.5890151596439169,6,0.001464,0.014356935599999999,XIAO-IMU-2,83:49:4C:A3:DE:DB,3330,2000989,0,0
497,0.5902026902077152,8,0.001952,0.0191425808,XIAO-IMU-2,83:49:4C:A3:DE:DB,3330,2000989,0,0
498,0.5913902207715134,-1,-0.000244,-0.0023928226,XIAO-IMU-2,83:49:4C:A3:DE:DB,3330,2000989,0,0
499,0.5925777513353117,6,0.001464,0.014356935599999999,XIAO-IMU-2,83:49:4C:A3:DE:DB,3330,2000989,0,0
500,0.5937652818991098,18,0.004391999999999999,0.04307080679999999,XIAO-IMU-2,83:49:4C:A3:DE:DB,3330,2000989,0,0
501,0.5949528124629081,16,0.003904,0.0382851616,XIAO-IMU-2,83:49:4C:A3:DE:DB,3330,2000989,0,0
502,0.5961403430267063,-13,-0.003172,-0.031106693799999998,XIAO-IMU-2,83:49:4C:A3:DE:DB,3330,2000989,0,0
503,0.5973278735905045,-2,-0.000488,-0.0047856452,XIAO-IMU-2,83:49:4C:A3:DE:DB,3330,2000989,0,0
504,0.5985154041543027,13,0.003172,0.031106693799999998,XIAO-IMU-2,83:49:4C:A3:DE:DB,3330,2000989,0,0
505,0.599702934718101,-2,-0.000488,-0.0047856452,XIAO-IMU-2,83:49:4C:A3:DE:DB,3330,2000989,0,0
506,0.6008904652818992,-3,-0.000732,-0.007178467799999999,XIAO-IMU-2,83:49:4C:A3:DE:DB,3330,2000989,0,0
507,0.6020779958456974,5,0.00122,0.011964112999999998,XIAO-IMU-2,83:49:4C:A3:DE:DB,3330,2000989,0,0
508,0.6032655264094956,7,0.0017079999999999999,0.0167497582,XIAO-IMU-2,83:49:4C:A3:DE:DB,3330,2000989,0,0
509,0.6044530569732939,-5,-0.00122,-0.011964112999999998,XIAO-IMU-2,83:49:4C:A3:DE:DB,3330,2000989,0,0
510,0.605640587537092,-11,-0.002684,-0.0263210486,XIAO-IMU-2,83:49:4C:A3:DE:DB,3330,2000989,0,0
511,0.6068281181008903,6,0.001464,0.014356935599999999,XIAO-IMU-2,83:49:4C:A3:DE:DB,3330,2000989,0,0
512,0.6080156486646885,-1,-0.000244,-0.0023928226,XIAO-IMU-2,83:49:4C:A3:DE:DB,3330,2000989,0,0
513,0.6092031792284867,3,0.000732,0.007178467799999999,XIAO-IMU-2,83:49:4C:A3:DE:DB,3330,2000989,0,0
514,0.6103907097922849,2,0.000488,0.0047856452,XIAO-IMU-2,83:49:4C:A3:DE:DB,3330,2000989,0,0
515,0.6115782403560831,10,0.00244,0.023928225999999997,XIAO-IMU-2,83:49:4C:A3:DE:DB,3330,2000989,0,0
516,0.6127657709198814,23,0.005612,0.05503491979999999,XIAO-IMU-2,83:49:4C:A3:DE:DB,3330,2000989,0,0
517,0.6139533014836795,30,0.00732,0.07178467799999999,XIAO-IMU-2,83:49:4C:A3:DE:DB,3330,2000989,0,0
518,0.6151408320474778,-8,-0.001952,-0.0191425808,XIAO-IMU-2,83:49:4C:A3:DE:DB,3330,2000989,0,0
519,0.616328362611276,13,0.003172,0.031106693799999998,XIAO-IMU-2,83:49:4C:A3:DE:DB,3330,2000989,0,0
520,0.6175158931750743,2,0.000488,0.0047856452,XIAO-IMU-2,83:49:4C:A3:DE:DB,3330,2000989,0,0
521,0.6187034237388724,3,0.000732,0.007178467799999999,XIAO-IMU-2,83:49:4C:A3:DE:DB,3330,2000989,0,0
522,0.6198909543026707,12,0.002928,0.028713871199999998,XIAO-IMU-2,83:49:4C:A3:DE:DB,3330,2000989,0,0
523,0.6210784848664689,15,0.00366,0.035892338999999995,XIAO-IMU-2,83:49:4C:A3:DE:DB,3330,2000989,0,0
524,0.6222660154302672,-21,-0.005124,-0.0502492746,XIAO-IMU-2,83:49:4C:A3:DE:DB,3330,2000989,0,0
525,0.6234535459940653,2,0.000488,0.0047856452,XIAO-IMU-2,83:49:4C:A3:DE:DB,3330,2000989,0,0
526,0.6246410765578636,-6,-0.001464,-0.014356935599999999,XIAO-IMU-2,83:49:4C:A3:DE:DB,3330,2000989,0,0
527,0.6258286071216618,1,0.000244,0.0023928226,XIAO-IMU-2,83:49:4C:A3:DE:DB,3330,2000989,0,0
528,0.62701613768546,14,0.0034159999999999998,0.0334995164,XIAO-IMU-2,83:49:4C:A3:DE:DB,3330,2000989,0,0
529,0.6282036682492582,16,0.003904,0.0382851616,XIAO-IMU-2,83:49:4C:A3:DE:DB,3330,2000989,0,0
530,0.6293911988130565,-4,-0.000976,-0.0095712904,XIAO-IMU-2,83:49:4C:A3:DE:DB,3330,2000989,0,0
531,0.6305787293768547,-19,-0.004636,-0.045463629400000004,XIAO-IMU-2,83:49:4C:A3:DE:DB,3330,2000989,0,0
532,0.6317662599406528,2,0.000488,0.0047856452,XIAO-IMU-2,83:49:4C:A3:DE:DB,3330,2000989,0,0
533,0.6329537905044511,5,0.00122,0.011964112999999998,XIAO-IMU-2,83:49:4C:A3:DE:DB,3330,2000989,0,0
534,0.6341413210682493,2,0.000488,0.0047856452,XIAO-IMU-2,83:49:4C:A3:DE:DB,3330,2000989,0,0
535,0.6353288516320476,4,0.000976,0.0095712904,XIAO-IMU-2,83:49:4C:A3:DE:DB,3330,2000989,0,0
536,0.6365163821958457,-13,-0.003172,-0.031106693799999998,XIAO-IMU-2,83:49:4C:A3:DE:DB,3330,2000989,0,0
537,0.637703912759644,-11,-0.002684,-0.0263210486,XIAO-IMU-2,83:49:4C:A3:DE:DB,3330,2000989,0,0
538,0.6388914433234422,-7,-0.0017079999999999999,-0.0167497582,XIAO-IMU-2,83:49:4C:A3:DE:DB,3330,2000989,0,0
539,0.6400789738872404,4,0.000976,0.0095712904,XIAO-IMU-2,83:49:4C:A3:DE:DB,3330,2000989,0,0
540,0.6412665044510386,-5,-0.00122,-0.011964112999999998,XIAO-IMU-2,83:49:4C:A3:DE:DB,3330,2000989,0,0
541,0.6424540350148369,4,0.000976,0.0095712904,XIAO-IMU-2,83:49:4C:A3:DE:DB,3330,2000989,0,0
542,0.643641565578635,5,0.00122,0.011964112999999998,XIAO-IMU-2,83:49:4C:A3:DE:DB,3330,2000989,0,0
543,0.6448290961424333,3,0.000732,0.007178467799999999,XIAO-IMU-2,83:49:4C:A3:DE:DB,3330,2000989,0,0
544,0.6460166267062315,5,0.00122,0.011964112999999998,XIAO-IMU-2,83:49:4C:A3:DE:DB,3330,2000989,0,0
545,0.6472041572700298,-6,-0.001464,-0.014356935599999999,XIAO-IMU-2,83:49:4C:A3:DE:DB,3330,2000989,0,0
546,0.648391687833828,10,0.00244,0.023928225999999997,XIAO-IMU-2,83:49:4C:A3:DE:DB,3330,2000989,0,0
547,0.6495792183976262,8,0.001952,0.0191425808,XIAO-IMU-2,83:49:4C:A3:DE:DB,3330,2000989,0,0
548,0.6507667489614244,13,0.003172,0.031106693799999998,XIAO-IMU-2,83:49:4C:A3:DE:DB,3330,2000989,0,0
549,0.6519542795252227,11,0.002684,0.0263210486,XIAO-IMU-2,83:49:4C:A3:DE:DB,3330,2000989,0,0
550,0.6531418100890208,-16,-0.003904,-0.0382851616,XIAO-IMU-2,83:49:4C:A3:DE:DB,3330,2000989,0,0
551,0.6543293406528191,-3,-0.000732,-0.007178467799999999,XIAO-IMU-2,83:49:4C:A3:DE:DB,3330,2000989,0,0
552,0.6555168712166173,-11,-0.002684,-0.0263210486,XIAO-IMU-2,83:49:4C:A3:DE:DB,3330,2000989,0,0
553,0.6567044017804154,-15,-0.00366,-0.035892338999999995,XIAO-IMU-2,83:49:4C:A3:DE:DB,3330,2000989,0,0
554,0.6578919323442137,0,0.0,0.0,XIAO-IMU-2,83:49:4C:A3:DE:DB,3330,2000989,0,0
555,0.6590794629080119,-3,-0.000732,-0.007178467799999999,XIAO-IMU-2,83:49:4C:A3:DE:DB,3330,2000989,0,0
556,0.6602669934718102,-9,-0.0021959999999999996,-0.021535403399999997,XIAO-IMU-2,83:49:4C:A3:DE:DB,3330,2000989,0,0
557,0.6614545240356083,-3,-0.000732,-0.007178467799999999,XIAO-IMU-2,83:49:4C:A3:DE:DB,3330,2000989,0,0
558,0.6626420545994066,14,0.0034159999999999998,0.0334995164,XIAO-IMU-2,83:49:4C:A3:DE:DB,3330,2000989,0,0
559,0.6638295851632048,1,0.000244,0.0023928226,XIAO-IMU-2,83:49:4C:A3:DE:DB,3330,2000989,0,0
560,0.6650171157270031,-2,-0.000488,-0.0047856452,XIAO-IMU-2,83:49:4C:A3:DE:DB,3330,2000989,0,0
561,0.6662046462908012,4,0.000976,0.0095712904,XIAO-IMU-2,83:49:4C:A3:DE:DB,3330,2000989,0,0
562,0.6673921768545995,4,0.000976,0.0095712904,XIAO-IMU-2,83:49:4C:A3:DE:DB,3330,2000989,0,0
563,0.6685797074183977,10,0.00244,0.023928225999999997,XIAO-IMU-2,83:49:4C:A3:DE:DB,3330,2000989,0,0
564,0.669767237982196,0,0.0,0.0,XIAO-IMU-2,83:49:4C:A3:DE:DB,3330,2000989,0,0
565,0.6709547685459941,-4,-0.000976,-0.0095712904,XIAO-IMU-2,83:49:4C:A3:DE:DB,3330,2000989,0,0
566,0.6721422991097924,1,0.000244,0.0023928226,XIAO-IMU-2,83:49:4C:A3:DE:DB,3330,2000989,0,0
567,0.6733298296735906,-10,-0.00244,-0.023928225999999997,XIAO-IMU-2,83:49:4C:A3:DE:DB,3330,2000989,0,0
568,0.6745173602373888,7,0.0017079999999999999,0.0167497582,XIAO-IMU-2,83:49:4C:A3:DE:DB,3330,2000989,0,0
569,0.675704890801187,8,0.001952,0.0191425808,XIAO-IMU-2,83:49:4C:A3:DE:DB,3330,2000989,0,0
570,0.6768924213649853,8,0.001952,0.0191425808,XIAO-IMU-2,83:49:4C:A3:DE:DB,3330,2000989,0,0
571,0.6780799519287835,-8,-0.001952,-0.0191425808,XIAO-IMU-2,83:49:4C:A3:DE:DB,3330,2000989,0,0
572,0.6792674824925816,5,0.00122,0.011964112999999998,XIAO-IMU-2,83:49:4C:A3:DE:DB,3330,2000989,0,0
573,0.6804550130563799,8,0.001952,0.0191425808,XIAO-IMU-2,83:49:4C:A3:DE:DB,3330,2000989,0,0
574,0.6816425436201781,10,0.00244,0.023928225999999997,XIAO-IMU-2,83:49:4C:A3:DE:DB,3330,2000989,0,0
575,0.6828300741839763,-3,-0.000732,-0.007178467799999999,XIAO-IMU-2,83:49:4C:A3:DE:DB,3330,2000989,0,0
576,0.6840176047477745,8,0.001952,0.0191425808,XIAO-IMU-2,83:49:4C:A3:DE:DB,3330,2000989,0,0
577,0.6852051353115728,-6,-0.001464,-0.014356935599999999,XIAO-IMU-2,83:49:4C:A3:DE:DB,3330,2000989,0,0
578,0.686392665875371,-8,-0.001952,-0.0191425808,XIAO-IMU-2,83:49:4C:A3:DE:DB,3330,2000989,0,0
579,0.6875801964391692,11,0.002684,0.0263210486,XIAO-IMU-2,83:49:4C:A3:DE:DB,3330,2000989,0,0
580,0.6887677270029674,4,0.000976,0.0095712904,XIAO-IMU-2,83:49:4C:A3:DE:DB,3330,2000989,0,0
581,0.6899552575667657,14,0.0034159999999999998,0.0334995164,XIAO-IMU-2,83:49:4C:A3:DE:DB,3330,2000989,0,0
582,0.6911427881305638,2,0.000488,0.0047856452,XIAO-IMU-2,83:49:4C:A3:DE:DB,3330,2000989,0,0
583,0.6923303186943621,-15,-0.00366,-0.035892338999999995,XIAO-IMU-2,83:49:4C:A3:DE:DB,3330,2000989,0,0
584,0.6935178492581603,-21,-0.005124,-0.0502492746,XIAO-IMU-2,83:49:4C:A3:DE:DB,3330,2000989,0,0
585,0.6947053798219586,8,0.001952,0.0191425808,XIAO-IMU-2,83:49:4C:A3:DE:DB,3330,2000989,0,0
586,0.6958929103857567,0,0.0,0.0,XIAO-IMU-2,83:49:4C:A3:DE:DB,3330,2000989,0,0
587,0.697080440949555,5,0.00122,0.011964112999999998,XIAO-IMU-2,83:49:4C:A3:DE:DB,3330,2000989,0,0
588,0.6982679715133532,13,0.003172,0.031106693799999998,XIAO-IMU-2,83:49:4C:A3:DE:DB,3330,2000989,0,0
589,0.6994555020771515,2,0.000488,0.0047856452,XIAO-IMU-2,83:49:4C:A3:DE:DB,3330,2000989,0,0
590,0.7006430326409496,9,0.0021959999999999996,0.021535403399999997,XIAO-IMU-2,83:49:4C:A3:DE:DB,3330,2000989,0,0
591,0.7018305632047478,23,0.005612,0.05503491979999999,XIAO-IMU-2,83:49:4C:A3:DE:DB,3330,2000989,0,0
592,0.7030180937685461,-4,-0.000976,-0.0095712904,XIAO-IMU-2,83:49:4C:A3:DE:DB,3330,2000989,0,0
593,0.7042056243323442,4,0.000976,0.0095712904,XIAO-IMU-2,83:49:4C:A3:DE:DB,3330,2000989,0,0
594,0.7053931548961425,1,0.000244,0.0023928226,XIAO-IMU-2,83:49:4C:A3:DE:DB,3330,2000989,0,0
595,0.7065806854599407,-4,-0.000976,-0.0095712904,XIAO-IMU-2,83:49:4C:A3:DE:DB,3330,2000989,0,0
596,0.707768216023739,17,0.004148,0.040677984199999996,XIAO-IMU-2,83:49:4C:A3:DE:DB,3330,2000989,0,0
597,0.7089557465875371,2,0.000488,0.0047856452,XIAO-IMU-2,83:49:4C:A3:DE:DB,3330,2000989,0,0
598,0.7101432771513354,-4,-0.000976,-0.0095712904,XIAO-IMU-2,83:49:4C:A3:DE:DB,3330,2000989,0,0
599,0.7113308077151336,13,0.003172,0.031106693799999998,XIAO-IMU-2,83:49:4C:A3:DE:DB,3330,2000989,0,0
600,0.7125183382789319,3,0.000732,0.007178467799999999,XIAO-IMU-2,83:49:4C:A3:DE:DB,3330,2000989,0,0
601,0.71370586884273,0,0.0,0.0,XIAO-IMU-2,83:49:4C:A3:DE:DB,3330,2000989,0,0
602,0.7148933994065283,19,0.004636,0.045463629400000004,XIAO-IMU-2,83:49:4C:A3:DE:DB,3330,2000989,0,0
603,0.7160809299703265,-13,-0.003172,-0.031106693799999998,XIAO-IMU-2,83:49:4C:A3:DE:DB,3330,2000989,0,0
604,0.7172684605341247,4,0.000976,0.0095712904,XIAO-IMU-2,83:49:4C:A3:DE:DB,3330,2000989,0,0
605,0.7184559910979229,-10,-0.00244,-0.023928225999999997,XIAO-IMU-2,83:49:4C:A3:DE:DB,3330,2000989,0,0
606,0.7196435216617212,7,0.0017079999999999999,0.0167497582,XIAO-IMU-2,83:49:4C:A3:DE:DB,3330,2000989,0,0
607,0.7208310522255194,3,0.000732,0.007178467799999999,XIAO-IMU-2,83:49:4C:A3:DE:DB,3330,2000989,0,0
608,0.7220185827893176,-9,-0.0021959999999999996,-0.021535403399999997,XIAO-IMU-2,83:49:4C:A3:DE:DB,3330,2000989,0,0
609,0.7232061133531158,5,0.00122,0.011964112999999998,XIAO-IMU-2,83:49:4C:A3:DE:DB,3330,2000989,0,0
610,0.7243936439169141,6,0.001464,0.014356935599999999,XIAO-IMU-2,83:49:4C:A3:DE:DB,3330,2000989,0,0
611,0.7255811744807122,10,0.00244,0.023928225999999997,XIAO-IMU-2,83:49:4C:A3:DE:DB,3330,2000989,0,0
612,0.7267687050445104,-10,-0.00244,-0.023928225999999997,XIAO-IMU-2,83:49:4C:A3:DE:DB,3330,2000989,0,0
613,0.7279562356083087,2,0.000488,0.0047856452,XIAO-IMU-2,83:49:4C:A3:DE:DB,3330,2000989,0,0
614,0.7291437661721069,4,0.000976,0.0095712904,XIAO-IMU-2,83:49:4C:A3:DE:DB,3330,2000989,0,0
615,0.7303312967359051,7,0.0017079999999999999,0.0167497582,XIAO-IMU-2,83:49:4C:A3:DE:DB,3330,2000989,0,0
616,0.7315188272997033,-1,-0.000244,-0.0023928226,XIAO-IMU-2,83:49:4C:A3:DE:DB,3330,2000989,0,0
617,0.7327063578635016,-9,-0.0021959999999999996,-0.021535403399999997,XIAO-IMU-2,83:49:4C:A3:DE:DB,3330,2000989,0,0
618,0.7338938884272997,-4,-0.000976,-0.0095712904,XIAO-IMU-2,83:49:4C:A3:DE:DB,3330,2000989,0,0
619,0.735081418991098,20,0.00488,0.047856451999999994,XIAO-IMU-2,83:49:4C:A3:DE:DB,3330,2000989,0,0
620,0.7362689495548962,2,0.000488,0.0047856452,XIAO-IMU-2,83:49:4C:A3:DE:DB,3330,2000989,0,0
621,0.7374564801186945,13,0.003172,0.031106693799999998,XIAO-IMU-2,83:49:4C:A3:DE:DB,3330,2000989,0,0
622,0.7386440106824926,-22,-0.005368,-0.0526420972,XIAO-IMU-2,83:49:4C:A3:DE:DB,3330,2000989,0,0
623,0.7398315412462909,-9,-0.0021959999999999996,-0.021535403399999997,XIAO-IMU-2,83:49:4C:A3:DE:DB,3330,2000989,0,0
624,0.7410190718100891,-8,-0.001952,-0.0191425808,XIAO-IMU-2,83:49:4C:A3:DE:DB,3330,2000989,0,0
625,0.7422066023738874,-12,-0.002928,-0.028713871199999998,XIAO-IMU-2,83:49:4C:A3:DE:DB,3330,2000989,0,0
626,0.7433941329376855,5,0.00122,0.011964112999999998,XIAO-IMU-2,83:49:4C:A3:DE:DB,3330,2000989,0,0
627,0.7445816635014838,9,0.0021959999999999996,0.021535403399999997,XIAO-IMU-2,83:49:4C:A3:DE:DB,3330,2000989,0,0
628,0.745769194065282,0,0.0,0.0,XIAO-IMU-2,83:49:4C:A3:DE:DB,3330,2000989,0,0
629,0.7469567246290802,-4,-0.000976,-0.0095712904,XIAO-IMU-2,83:49:4C:A3:DE:DB,3330,2000989,0,0
630,0.7481442551928784,2,0.000488,0.0047856452,XIAO-IMU-2,83:49:4C:A3:DE:DB,3330,2000989,0,0
631,0.7493317857566766,-8,-0.001952,-0.0191425808,XIAO-IMU-2,83:49:4C:A3:DE:DB,3330,2000989,0,0
632,0.7505193163204749,-3,-0.000732,-0.007178467799999999,XIAO-IMU-2,83:49:4C:A3:DE:DB,3330,2000989,0,0
633,0.751706846884273,-2,-0.000488,-0.0047856452,XIAO-IMU-2,83:49:4C:A3:DE:DB,3330,2000989,0,0
634,0.7528943774480713,9,0.0021959999999999996,0.021535403399999997,XIAO-IMU-2,83:49:4C:A3:DE:DB,3330,2000989,0,0
635,0.7540819080118695,-7,-0.0017079999999999999,-0.0167497582,XIAO-IMU-2,83:49:4C:A3:DE:DB,3330,2000989,0,0
636,0.7552694385756678,5,0.00122,0.011964112999999998,XIAO-IMU-2,83:49:4C:A3:DE:DB,3330,2000989,0,0
637,0.7564569691394659,-1,-0.000244,-0.0023928226,XIAO-IMU-2,83:49:4C:A3:DE:DB,3330,2000989,0,0
638,0.7576444997032642,-4,-0.000976,-0.0095712904,XIAO-IMU-2,83:49:4C:A3:DE:DB,3330,2000989,0,0
639,0.7588320302670624,6,0.001464,0.014356935599999999,XIAO-IMU-2,83:49:4C:A3:DE:DB,3330,2000989,0,0
640,0.7600195608308606,5,0.00122,0.011964112999999998,XIAO-IMU-2,83:49:4C:A3:DE:DB,3330,2000989,0,0
641,0.7612070913946588,6,0.001464,0.014356935599999999,XIAO-IMU-2,83:49:4C:A3:DE:DB,3330,2000989,0,0
642,0.7623946219584571,0,0.0,0.0,XIAO-IMU-2,83:49:4C:A3:DE:DB,3330,2000989,0,0
643,0.7635821525222553,-10,-0.00244,-0.023928225999999997,XIAO-IMU-2,83:49:4C:A3:DE:DB,3330,2000989,0,0
644,0.7647696830860535,11,0.002684,0.0263210486,XIAO-IMU-2,83:49:4C:A3:DE:DB,3330,2000989,0,0
645,0.7659572136498517,1,0.000244,0.0023928226,XIAO-IMU-2,83:49:4C:A3:DE:DB,3330,2000989,0,0
646,0.76714474421365,10,0.00244,0.023928225999999997,XIAO-IMU-2,83:49:4C:A3:DE:DB,3330,2000989,0,0
647,0.7683322747774481,0,0.0,0.0,XIAO-IMU-2,83:49:4C:A3:DE:DB,3330,2000989,0,0
648,0.7695198053412464,4,0.000976,0.0095712904,XIAO-IMU-2,83:49:4C:A3:DE:DB,3330,2000989,0,0
649,0.7707073359050446,-6,-0.001464,-0.014356935599999999,XIAO-IMU-2,83:49:4C:A3:DE:DB,3330,2000989,0,0
650,0.7718948664688428,-2,-0.000488,-0.0047856452,XIAO-IMU-2,83:49:4C:A3:DE:DB,3330,2000989,0,0
651,0.773082397032641,14,0.0034159999999999998,0.0334995164,XIAO-IMU-2,83:49:4C:A3:DE:DB,3330,2000989,0,0
652,0.7742699275964392,1,0.000244,0.0023928226,XIAO-IMU-2,83:49:4C:A3:DE:DB,3330,2000989,0,0
653,0.7754574581602375,8,0.001952,0.0191425808,XIAO-IMU-2,83:49:4C:A3:DE:DB,3330,2000989,0,0
654,0.7766449887240356,-3,-0.000732,-0.007178467799999999,XIAO-IMU-2,83:49:4C:A3:DE:DB,3330,2000989,0,0
655,0.7778325192878339,-3,-0.000732,-0.007178467799999999,XIAO-IMU-2,83:49:4C:A3:DE:DB,3330,2000989,0,0
656,0.7790200498516321,-6,-0.001464,-0.014356935599999999,XIAO-IMU-2,83:49:4C:A3:DE:DB,3330,2000989,0,0
657,0.7802075804154304,-12,-0.002928,-0.028713871199999998,XIAO-IMU-2,83:49:4C:A3:DE:DB,3330,2000989,0,0
658,0.7813951109792285,-3,-0.000732,-0.007178467799999999,XIAO-IMU-2,83:49:4C:A3:DE:DB,3330,2000989,0,0
659,0.7825826415430268,12,0.002928,0.028713871199999998,XIAO-IMU-2,83:49:4C:A3:DE:DB,3330,2000989,0,0
660,0.783770172106825,5,0.00122,0.011964112999999998,XIAO-IMU-2,83:49:4C:A3:DE:DB,3330,2000989,0,0
661,0.7849577026706233,-15,-0.00366,-0.035892338999999995,XIAO-IMU-2,83:49:4C:A3:DE:DB,3330,2000989,0,0
662,0.7861452332344214,23,0.005612,0.05503491979999999,XIAO-IMU-2,83:49:4C:A3:DE:DB,3330,2000989,0,0
663,0.7873327637982197,-14,-0.0034159999999999998,-0.0334995164,XIAO-IMU-2,83:49:4C:A3:DE:DB,3330,2000989,0,0
664,0.7885202943620179,6,0.001464,0.014356935599999999,XIAO-IMU-2,83:49:4C:A3:DE:DB,3330,2000989,0,0
665,0.7897078249258161,16,0.003904,0.0382851616,XIAO-IMU-2,83:49:4C:A3:DE:DB,3330,2000989,0,0
666,0.7908953554896143,2,0.000488,0.0047856452,XIAO-IMU-2,83:49:4C:A3:DE:DB,3330,2000989,0,0
667,0.7920828860534126,-5,-0.00122,-0.011964112999999998,XIAO-IMU-2,83:49:4C:A3:DE:DB,3330,2000989,0,0
668,0.7932704166172108,5,0.00122,0.011964112999999998,XIAO-IMU-2,83:49:4C:A3:DE:DB,3330,2000989,0,0
669,0.794457947181009,-6,-0.001464,-0.014356935599999999,XIAO-IMU-2,83:49:4C:A3:DE:DB,3330,2000989,0,0
670,0.7956454777448072,5,0.00122,0.011964112999999998,XIAO-IMU-2,83:49:4C:A3:DE:DB,3330,2000989,0,0
671,0.7968330083086054,-14,-0.0034159999999999998,-0.0334995164,XIAO-IMU-2,83:49:4C:A3:DE:DB,3330,2000989,0,0
672,0.7980205388724037,-6,-0.001464,-0.014356935599999999,XIAO-IMU-2,83:49:4C:A3:DE:DB,3330,2000989,0,0
673,0.7992080694362018,10,0.00244,0.023928225999999997,XIAO-IMU-2,83:49:4C:A3:DE:DB,3330,2000989,0,0
674,0.8003956000000001,-4,-0.000976,-0.0095712904,XIAO-IMU-2,83:49:4C:A3:DE:DB,3330,2000989,0,0
675,0.8015831305637983,3,0.000732,0.007178467799999999,XIAO-IMU-2,83:49:4C:A3:DE:DB,3330,2000989,0,0
676,0.8027706611275965,-4,-0.000976,-0.0095712904,XIAO-IMU-2,83:49:4C:A3:DE:DB,3330,2000989,0,0
677,0.8039581916913947,-22,-0.005368,-0.0526420972,XIAO-IMU-2,83:49:4C:A3:DE:DB,3330,2000989,0,0
678,0.805145722255193,-2,-0.000488,-0.0047856452,XIAO-IMU-2,83:49:4C:A3:DE:DB,3330,2000989,0,0
679,0.8063332528189912,0,0.0,0.0,XIAO-IMU-2,83:49:4C:A3:DE:DB,3330,2000989,0,0
680,0.8075207833827894,3,0.000732,0.007178467799999999,XIAO-IMU-2,83:49:4C:A3:DE:DB,3330,2000989,0,0
681,0.8087083139465876,-1,-0.000244,-0.0023928226,XIAO-IMU-2,83:49:4C:A3:DE:DB,3330,2000989,0,0
682,0.8098958445103859,-7,-0.0017079999999999999,-0.0167497582,XIAO-IMU-2,83:49:4C:A3:DE:DB,3330,2000989,0,0
683,0.811083375074184,1,0.000244,0.0023928226,XIAO-IMU-2,83:49:4C:A3:DE:DB,3330,2000989,0,0
684,0.8122709056379823,5,0.00122,0.011964112999999998,XIAO-IMU-2,83:49:4C:A3:DE:DB,3330,2000989,0,0
685,0.8134584362017805,-5,-0.00122,-0.011964112999999998,XIAO-IMU-2,83:49:4C:A3:DE:DB,3330,2000989,0,0
686,0.8146459667655788,-8,-0.001952,-0.0191425808,XIAO-IMU-2,83:49:4C:A3:DE:DB,3330,2000989,0,0
687,0.8158334973293769,-15,-0.00366,-0.035892338999999995,XIAO-IMU-2,83:49:4C:A3:DE:DB,3330,2000989,0,0
688,0.8170210278931752,5,0.00122,0.011964112999999998,XIAO-IMU-2,83:49:4C:A3:DE:DB,3330,2000989,0,0
689,0.8182085584569734,25,0.0060999999999999995,0.05982056499999999,XIAO-IMU-2,83:49:4C:A3:DE:DB,3330,2000989,0,0
690,0.8193960890207715,6,0.001464,0.014356935599999999,XIAO-IMU-2,83:49:4C:A3:DE:DB,3330,2000989,0,0
691,0.8205836195845698,1,0.000244,0.0023928226,XIAO-IMU-2,83:49:4C:A3:DE:DB,3330,2000989,0,0
692,0.821771150148368,-3,-0.000732,-0.007178467799999999,XIAO-IMU-2,83:49:4C:A3:DE:DB,3330,2000989,0,0
693,0.8229586807121663,20,0.00488,0.047856451999999994,XIAO-IMU-2,83:49:4C:A3:DE:DB,3330,2000989,0,0
694,0.8241462112759644,-5,-0.00122,-0.011964112999999998,XIAO-IMU-2,83:49:4C:A3:DE:DB,3330,2000989,0,0
695,0.8253337418397627,-6,-0.001464,-0.014356935599999999,XIAO-IMU-2,83:49:4C:A3:DE:DB,3330,2000989,0,0
696,0.8265212724035609,-16,-0.003904,-0.0382851616,XIAO-IMU-2,83:49:4C:A3:DE:DB,3330,2000989,0,0
697,0.8277088029673592,-17,-0.004148,-0.040677984199999996,XIAO-IMU-2,83:49:4C:A3:DE:DB,3330,2000989,0,0
698,0.8288963335311573,-3,-0.000732,-0.007178467799999999,XIAO-IMU-2,83:49:4C:A3:DE:DB,3330,2000989,0,0
699,0.8300838640949556,-4,-0.000976,-0.0095712904,XIAO-IMU-2,83:49:4C:A3:DE:DB,3330,2000989,0,0
700,0.8312713946587538,11,0.002684,0.0263210486,XIAO-IMU-2,83:49:4C:A3:DE:DB,3330,2000989,0,0
701,0.832458925222552,-5,-0.00122,-0.011964112999999998,XIAO-IMU-2,83:49:4C:A3:DE:DB,3330,2000989,0,0
702,0.8336464557863502,1,0.000244,0.0023928226,XIAO-IMU-2,83:49:4C:A3:DE:DB,3330,2000989,0,0
703,0.8348339863501485,12,0.002928,0.028713871199999998,XIAO-IMU-2,83:49:4C:A3:DE:DB,3330,2000989,0,0
704,0.8360215169139467,-5,-0.00122,-0.011964112999999998,XIAO-IMU-2,83:49:4C:A3:DE:DB,3330,2000989,0,0
705,0.8372090474777449,-14,-0.0034159999999999998,-0.0334995164,XIAO-IMU-2,83:49:4C:A3:DE:DB,3330,2000989,0,0
706,0.8383965780415431,-7,-0.0017079999999999999,-0.0167497582,XIAO-IMU-2,83:49:4C:A3:DE:DB,3330,2000989,0,0
707,0.8395841086053414,-9,-0.0021959999999999996,-0.021535403399999997,XIAO-IMU-2,83:49:4C:A3:DE:DB,3330,2000989,0,0
708,0.8407716391691396,8,0.001952,0.0191425808,XIAO-IMU-2,83:49:4C:A3:DE:DB,3330,2000989,0,0
709,0.8419591697329377,-8,-0.001952,-0.0191425808,XIAO-IMU-2,83:49:4C:A3:DE:DB,3330,2000989,0,0
710,0.843146700296736,-6,-0.001464,-0.014356935599999999,XIAO-IMU-2,83:49:4C:A3:DE:DB,3330,2000989,0,0
711,0.8443342308605342,2,0.000488,0.0047856452,XIAO-IMU-2,83:49:4C:A3:DE:DB,3330,2000989,0,0
712,0.8455217614243324,8,0.001952,0.0191425808,XIAO-IMU-2,83:49:4C:A3:DE:DB,3330,2000989,0,0
713,0.8467092919881306,5,0.00122,0.011964112999999998,XIAO-IMU-2,83:49:4C:A3:DE:DB,3330,2000989,0,0
714,0.8478968225519289,3,0.000732,0.007178467799999999,XIAO-IMU-2,83:49:4C:A3:DE:DB,3330,2000989,0,0
715,0.849084353115727,0,0.0,0.0,XIAO-IMU-2,83:49:4C:A3:DE:DB,3330,2000989,0,0
716,0.8502718836795253,10,0.00244,0.023928225999999997,XIAO-IMU-2,83:49:4C:A3:DE:DB,3330,2000989,0,0
717,0.8514594142433235,-21,-0.005124,-0.0502492746,XIAO-IMU-2,83:49:4C:A3:DE:DB,3330,2000989,0,0
718,0.8526469448071218,-5,-0.00122,-0.011964112999999998,XIAO-IMU-2,83:49:4C:A3:DE:DB,3330,2000989,0,0
719,0.8538344753709199,15,0.00366,0.035892338999999995,XIAO-IMU-2,83:49:4C:A3:DE:DB,3330,2000989,0,0
720,0.8550220059347182,-13,-0.003172,-0.031106693799999998,XIAO-IMU-2,83:49:4C:A3:DE:DB,3330,2000989,0,0
721,0.8562095364985164,4,0.000976,0.0095712904,XIAO-IMU-2,83:49:4C:A3:DE:DB,3330,2000989,0,0
722,0.8573970670623147,-9,-0.0021959999999999996,-0.021535403399999997,XIAO-IMU-2,83:49:4C:A3:DE:DB,3330,2000989,0,0
723,0.8585845976261128,-2,-0.000488,-0.0047856452,XIAO-IMU-2,83:49:4C:A3:DE:DB,3330,2000989,0,0
724,0.8597721281899111,5,0.00122,0.011964112999999998,XIAO-IMU-2,83:49:4C:A3:DE:DB,3330,2000989,0,0
725,0.8609596587537093,-6,-0.001464,-0.014356935599999999,XIAO-IMU-2,83:49:4C:A3:DE:DB,3330,2000989,0,0
726,0.8621471893175076,2,0.000488,0.0047856452,XIAO-IMU-2,83:49:4C:A3:DE:DB,3330,2000989,0,0
727,0.8633347198813057,2,0.000488,0.0047856452,XIAO-IMU-2,83:49:4C:A3:DE:DB,3330,2000989,0,0
728,0.864522250445104,4,0.000976,0.0095712904,XIAO-IMU-2,83:49:4C:A3:DE:DB,3330,2000989,0,0
729,0.8657097810089022,13,0.003172,0.031106693799999998,XIAO-IMU-2,83:49:4C:A3:DE:DB,3330,2000989,0,0
730,0.8668973115727003,6,0.001464,0.014356935599999999,XIAO-IMU-2,83:49:4C:A3:DE:DB,3330,2000989,0,0
731,0.8680848421364986,6,0.001464,0.014356935599999999,XIAO-IMU-2,83:49:4C:A3:DE:DB,3330,2000989,0,0
732,0.8692723727002968,7,0.0017079999999999999,0.0167497582,XIAO-IMU-2,83:49:4C:A3:DE:DB,3330,2000989,0,0
733,0.8704599032640951,-9,-0.0021959999999999996,-0.021535403399999997,XIAO-IMU-2,83:49:4C:A3:DE:DB,3330,2000989,0,0
734,0.8716474338278932,-8,-0.001952,-0.0191425808,XIAO-IMU-2,83:49:4C:A3:DE:DB,3330,2000989,0,0
735,0.8728349643916915,2,0.000488,0.0047856452,XIAO-IMU-2,83:49:4C:A3:DE:DB,3330,2000989,0,0
736,0.8740224949554897,-11,-0.002684,-0.0263210486,XIAO-IMU-2,83:49:4C:A3:DE:DB,3330,2000989,0,0
737,0.875210025519288,-12,-0.002928,-0.028713871199999998,XIAO-IMU-2,83:49:4C:A3:DE:DB,3330,2000989,0,0
738,0.8763975560830861,13,0.003172,0.031106693799999998,XIAO-IMU-2,83:49:4C:A3:DE:DB,3330,2000989,0,0
739,0.8775850866468844,13,0.003172,0.031106693799999998,XIAO-IMU-2,83:49:4C:A3:DE:DB,3330,2000989,0,0
740,0.8787726172106826,8,0.001952,0.0191425808,XIAO-IMU-2,83:49:4C:A3:DE:DB,3330,2000989,0,0
741,0.8799601477744808,5,0.00122,0.011964112999999998,XIAO-IMU-2,83:49:4C:A3:DE:DB,3330,2000989,0,0
742,0.881147678338279,-10,-0.00244,-0.023928225999999997,XIAO-IMU-2,83:49:4C:A3:DE:DB,3330,2000989,0,0
743,0.8823352089020773,11,0.002684,0.0263210486,XIAO-IMU-2,83:49:4C:A3:DE:DB,3330,2000989,0,0
744,0.8835227394658755,4,0.000976,0.0095712904,XIAO-IMU-2,83:49:4C:A3:DE:DB,3330,2000989,0,0
745,0.8847102700296737,5,0.00122,0.011964112999999998,XIAO-IMU-2,83:49:4C:A3:DE:DB,3330,2000989,0,0
746,0.8858978005934719,-2,-0.000488,-0.0047856452,XIAO-IMU-2,83:49:4C:A3:DE:DB,3330,2000989,0,0
747,0.8870853311572702,18,0.004391999999999999,0.04307080679999999,XIAO-IMU-2,83:49:4C:A3:DE:DB,3330,2000989,0,0
748,0.8882728617210683,7,0.0017079999999999999,0.0167497582,XIAO-IMU-2,83:49:4C:A3:DE:DB,3330,2000989,0,0
749,0.8894603922848665,-2,-0.000488,-0.0047856452,XIAO-IMU-2,83:49:4C:A3:DE:DB,3330,2000989,0,0
750,0.8906479228486648,-4,-0.000976,-0.0095712904,XIAO-IMU-2,83:49:4C:A3:DE:DB,3330,2000989,0,0
751,0.891835453412463,-6,-0.001464,-0.014356935599999999,XIAO-IMU-2,83:49:4C:A3:DE:DB,3330,2000989,0,0
752,0.8930229839762612,19,0.004636,0.045463629400000004,XIAO-IMU-2,83:49:4C:A3:DE:DB,3330,2000989,0,0
753,0.8942105145400594,0,0.0,0.0,XIAO-IMU-2,83:49:4C:A3:DE:DB,3330,2000989,0,0
754,0.8953980451038577,3,0.000732,0.007178467799999999,XIAO-IMU-2,83:49:4C:A3:DE:DB,3330,2000989,0,0
755,0.8965855756676558,5,0.00122,0.011964112999999998,XIAO-IMU-2,83:49:4C:A3:DE:DB,3330,2000989,0,0
756,0.8977731062314541,22,0.005368,0.0526420972,XIAO-IMU-2,83:49:4C:A3:DE:DB,3330,2000989,0,0
757,0.8989606367952523,20,0.00488,0.047856451999999994,XIAO-IMU-2,83:49:4C:A3:DE:DB,3330,2000989,0,0
758,0.9001481673590506,5,0.00122,0.011964112999999998,XIAO-IMU-2,83:49:4C:A3:DE:DB,3330,2000989,0,0
759,0.9013356979228487,3,0.000732,0.007178467799999999,XIAO-IMU-2,83:49:4C:A3:DE:DB,3330,2000989,0,0
760,0.902523228486647,9,0.0021959999999999996,0.021535403399999997,XIAO-IMU-2,83:49:4C:A3:DE:DB,3330,2000989,0,0
761,0.9037107590504452,9,0.0021959999999999996,0.021535403399999997,XIAO-IMU-2,83:49:4C:A3:DE:DB,3330,2000989,0,0
762,0.9048982896142435,-7,-0.0017079999999999999,-0.0167497582,XIAO-IMU-2,83:49:4C:A3:DE:DB,3330,2000989,0,0
763,0.9060858201780416,-8,-0.001952,-0.0191425808,XIAO-IMU-2,83:49:4C:A3:DE:DB,3330,2000989,0,0
764,0.9072733507418399,4,0.000976,0.0095712904,XIAO-IMU-2,83:49:4C:A3:DE:DB,3330,2000989,0,0
765,0.9084608813056381,2,0.000488,0.0047856452,XIAO-IMU-2,83:49:4C:A3:DE:DB,3330,2000989,0,0
766,0.9096484118694363,9,0.0021959999999999996,0.021535403399999997,XIAO-IMU-2,83:49:4C:A3:DE:DB,3330,2000989,0,0
767,0.9108359424332345,-8,-0.001952,-0.0191425808,XIAO-IMU-2,83:49:4C:A3:DE:DB,3330,2000989,0,0
768,0.9120234729970327,11,0.002684,0.0263210486,XIAO-IMU-2,83:49:4C:A3:DE:DB,3330,2000989,0,0
769,0.913211003560831,-1,-0.000244,-0.0023928226,XIAO-IMU-2,83:49:4C:A3:DE:DB,3330,2000989,0,0
770,0.9143985341246291,6,0.001464,0.014356935599999999,XIAO-IMU-2,83:49:4C:A3:DE:DB,3330,2000989,0,0
771,0.9155860646884274,11,0.002684,0.0263210486,XIAO-IMU-2,83:49:4C:A3:DE:DB,3330,2000989,0,0
772,0.9167735952522256,-14,-0.0034159999999999998,-0.0334995164,XIAO-IMU-2,83:49:4C:A3:DE:DB,3330,2000989,0,0
773,0.9179611258160238,-14,-0.0034159999999999998,-0.0334995164,XIAO-IMU-2,83:49:4C:A3:DE:DB,3330,2000989,0,0
774,0.919148656379822,7,0.0017079999999999999,0.0167497582,XIAO-IMU-2,83:49:4C:A3:DE:DB,3330,2000989,0,0
775,0.9203361869436203,25,0.0060999999999999995,0.05982056499999999,XIAO-IMU-2,83:49:4C:A3:DE:DB,3330,2000989,0,0
776,0.9215237175074185,4,0.000976,0.0095712904,XIAO-IMU-2,83:49:4C:A3:DE:DB,3330,2000989,0,0
777,0.9227112480712167,-1,-0.000244,-0.0023928226,XIAO-IMU-2,83:49:4C:A3:DE:DB,3330,2000989,0,0
778,0.9238987786350149,2,0.000488,0.0047856452,XIAO-IMU-2,83:49:4C:A3:DE:DB,3330,2000989,0,0
779,0.9250863091988132,10,0.00244,0.023928225999999997,XIAO-IMU-2,83:49:4C:A3:DE:DB,3330,2000989,0,0
780,0.9262738397626114,-15,-0.00366,-0.035892338999999995,XIAO-IMU-2,83:49:4C:A3:DE:DB,3330,2000989,0,0
781,0.9274613703264096,1,0.000244,0.0023928226,XIAO-IMU-2,83:49:4C:A3:DE:DB,3330,2000989,0,0
782,0.9286489008902078,-3,-0.000732,-0.007178467799999999,XIAO-IMU-2,83:49:4C:A3:DE:DB,3330,2000989,0,0
783,0.9298364314540061,18,0.004391999999999999,0.04307080679999999,XIAO-IMU-2,83:49:4C:A3:DE:DB,3330,2000989,0,0
784,0.9310239620178042,6,0.001464,0.014356935599999999,XIAO-IMU-2,83:49:4C:A3:DE:DB,3330,2000989,0,0
785,0.9322114925816025,2,0.000488,0.0047856452,XIAO-IMU-2,83:49:4C:A3:DE:DB,3330,2000989,0,0
786,0.9333990231454007,-3,-0.000732,-0.007178467799999999,XIAO-IMU-2,83:49:4C:A3:DE:DB,3330,2000989,0,0
787,0.934586553709199,1,0.000244,0.0023928226,XIAO-IMU-2,83:49:4C:A3:DE:DB,3330,2000989,0,0
788,0.9357740842729971,-2,-0.000488,-0.0047856452,XIAO-IMU-2,83:49:4C:A3:DE:DB,3330,2000989,0,0
789,0.9369616148367953,5,0.00122,0.011964112999999998,XIAO-IMU-2,83:49:4C:A3:DE:DB,3330,2000989,0,0
790,0.9381491454005936,6,0.001464,0.014356935599999999,XIAO-IMU-2,83:49:4C:A3:DE:DB,3330,2000989,0,0
791,0.9393366759643917,11,0.002684,0.0263210486,XIAO-IMU-2,83:49:4C:A3:DE:DB,3330,2000989,0,0
792,0.94052420652819,15,0.00366,0.035892338999999995,XIAO-IMU-2,83:49:4C:A3:DE:DB,3330,2000989,0,0
793,0.9417117370919882,14,0.0034159999999999998,0.0334995164,XIAO-IMU-2,83:49:4C:A3:DE:DB,3330,2000989,0,0
794,0.9428992676557865,1,0.000244,0.0023928226,XIAO-IMU-2,83:49:4C:A3:DE:DB,3330,2000989,0,0
795,0.9440867982195846,8,0.001952,0.0191425808,XIAO-IMU-2,83:49:4C:A3:DE:DB,3330,2000989,0,0
796,0.9452743287833829,-4,-0.000976,-0.0095712904,XIAO-IMU-2,83:49:4C:A3:DE:DB,3330,2000989,0,0
797,0.9464618593471811,5,0.00122,0.011964112999999998,XIAO-IMU-2,83:49:4C:A3:DE:DB,3330,2000989,0,0
798,0.9476493899109794,-5,-0.00122,-0.011964112999999998,XIAO-IMU-2,83:49:4C:A3:DE:DB,3330,2000989,0,0
799,0.9488369204747775,2,0.000488,0.0047856452,XIAO-IMU-2,83:49:4C:A3:DE:DB,3330,2000989,0,0
800,0.9500244510385758,4,0.000976,0.0095712904,XIAO-IMU-2,83:49:4C:A3:DE:DB,3330,2000989,0,0
801,0.951211981602374,11,0.002684,0.0263210486,XIAO-IMU-2,83:49:4C:A3:DE:DB,3330,2000989,0,0
802,0.9523995121661722,7,0.0017079999999999999,0.0167497582,XIAO-IMU-2,83:49:4C:A3:DE:DB,3330,2000989,0,0
803,0.9535870427299704,1,0.000244,0.0023928226,XIAO-IMU-2,83:49:4C:A3:DE:DB,3330,2000989,0,0
804,0.9547745732937687,-7,-0.0017079999999999999,-0.0167497582,XIAO-IMU-2,83:49:4C:A3:DE:DB,3330,2000989,0,0
805,0.9559621038575669,-2,-0.000488,-0.0047856452,XIAO-IMU-2,83:49:4C:A3:DE:DB,3330,2000989,0,0
806,0.9571496344213651,-5,-0.00122,-0.011964112999999998,XIAO-IMU-2,83:49:4C:A3:DE:DB,3330,2000989,0,0
807,0.9583371649851633,5,0.00122,0.011964112999999998,XIAO-IMU-2,83:49:4C:A3:DE:DB,3330,2000989,0,0
808,0.9595246955489615,-5,-0.00122,-0.011964112999999998,XIAO-IMU-2,83:49:4C:A3:DE:DB,3330,2000989,0,0
809,0.9607122261127597,-2,-0.000488,-0.0047856452,XIAO-IMU-2,83:49:4C:A3:DE:DB,3330,2000989,0,0
810,0.9618997566765579,17,0.004148,0.040677984199999996,XIAO-IMU-2,83:49:4C:A3:DE:DB,3330,2000989,0,0
811,0.9630872872403562,13,0.003172,0.031106693799999998,XIAO-IMU-2,83:49:4C:A3:DE:DB,3330,2000989,0,0
812,0.9642748178041544,14,0.0034159999999999998,0.0334995164,XIAO-IMU-2,83:49:4C:A3:DE:DB,3330,2000989,0,0
813,0.9654623483679526,19,0.004636,0.045463629400000004,XIAO-IMU-2,83:49:4C:A3:DE:DB,3330,2000989,0,0
814,0.9666498789317508,20,0.00488,0.047856451999999994,XIAO-IMU-2,83:49:4C:A3:DE:DB,3330,2000989,0,0
815,0.9678374094955491,12,0.002928,0.028713871199999998,XIAO-IMU-2,83:49:4C:A3:DE:DB,3330,2000989,0,0
816,0.9690249400593473,1,0.000244,0.0023928226,XIAO-IMU-2,83:49:4C:A3:DE:DB,3330,2000989,0,0
817,0.9702124706231455,-1,-0.000244,-0.0023928226,XIAO-IMU-2,83:49:4C:A3:DE:DB,3330,2000989,0,0
818,0.9714000011869437,-12,-0.002928,-0.028713871199999998,XIAO-IMU-2,83:49:4C:A3:DE:DB,3330,2000989,0,0
819,0.972587531750742,-6,-0.001464,-0.014356935599999999,XIAO-IMU-2,83:49:4C:A3:DE:DB,3330,2000989,0,0
820,0.9737750623145401,25,0.0060999999999999995,0.05982056499999999,XIAO-IMU-2,83:49:4C:A3:DE:DB,3330,2000989,0,0
821,0.9749625928783384,-29,-0.007076,-0.0693918554,XIAO-IMU-2,83:49:4C:A3:DE:DB,3330,2000989,0,0
822,0.9761501234421366,-3,-0.000732,-0.007178467799999999,XIAO-IMU-2,83:49:4C:A3:DE:DB,3330,2000989,0,0
823,0.9773376540059349,18,0.004391999999999999,0.04307080679999999,XIAO-IMU-2,83:49:4C:A3:DE:DB,3330,2000989,0,0
824,0.978525184569733,6,0.001464,0.014356935599999999,XIAO-IMU-2,83:49:4C:A3:DE:DB,3330,2000989,0,0
825,0.9797127151335313,1,0.000244,0.0023928226,XIAO-IMU-2,83:49:4C:A3:DE:DB,3330,2000989,0,0
826,0.9809002456973295,6,0.001464,0.014356935599999999,XIAO-IMU-2,83:49:4C:A3:DE:DB,3330,2000989,0,0
827,0.9820877762611278,-10,-0.00244,-0.023928225999999997,XIAO-IMU-2,83:49:4C:A3:DE:DB,3330,2000989,0,0
828,0.9832753068249259,-1,-0.000244,-0.0023928226,XIAO-IMU-2,83:49:4C:A3:DE:DB,3330,2000989,0,0
829,0.9844628373887241,23,0.005612,0.05503491979999999,XIAO-IMU-2,83:49:4C:A3:DE:DB,3330,2000989,0,0
830,0.9856503679525224,-9,-0.0021959999999999996,-0.021535403399999997,XIAO-IMU-2,83:49:4C:A3:DE:DB,3330,2000989,0,0
831,0.9868378985163205,3,0.000732,0.007178467799999999,XIAO-IMU-2,83:49:4C:A3:DE:DB,3330,2000989,0,0
832,0.9880254290801188,-2,-0.000488,-0.0047856452,XIAO-IMU-2,83:49:4C:A3:DE:DB,3330,2000989,0,0
833,0.989212959643917,5,0.00122,0.011964112999999998,XIAO-IMU-2,83:49:4C:A3:DE:DB,3330,2000989,0,0
834,0.9904004902077153,4,0.000976,0.0095712904,XIAO-IMU-2,83:49:4C:A3:DE:DB,3330,2000989,0,0
835,0.9915880207715134,-2,-0.000488,-0.0047856452,XIAO-IMU-2,83:49:4C:A3:DE:DB,3330,2000989,0,0
836,0.9927755513353117,4,0.000976,0.0095712904,XIAO-IMU-2,83:49:4C:A3:DE:DB,3330,2000989,0,0
837,0.9939630818991099,-2,-0.000488,-0.0047856452,XIAO-IMU-2,83:49:4C:A3:DE:DB,3330,2000989,0,0
838,0.9951506124629081,6,0.001464,0.014356935599999999,XIAO-IMU-2,83:49:4C:A3:DE:DB,3330,2000989,0,0
839,0.9963381430267063,9,0.0021959999999999996,0.021535403399999997,XIAO-IMU-2,83:49:4C:A3:DE:DB,3330,2000989,0,0
840,0.9975256735905046,-3,-0.000732,-0.007178467799999999,XIAO-IMU-2,83:49:4C:A3:DE:DB,3330,2000989,0,0
841,0.9987132041543028,3,0.000732,0.007178467799999999,XIAO-IMU-2,83:49:4C:A3:DE:DB,3330,2000989,0,0
842,0.999900734718101,0,0.0,0.0,XIAO-IMU-2,83:49:4C:A3:DE:DB,3330,2000989,0,0
843,1.0010882652818993,-2,-0.000488,-0.0047856452,XIAO-IMU-2,83:49:4C:A3:DE:DB,3330,2000989,0,0
844,1.0022757958456974,7,0.0017079999999999999,0.0167497582,XIAO-IMU-2,83:49:4C:A3:DE:DB,3330,2000989,0,0
845,1.0034633264094956,16,0.003904,0.0382851616,XIAO-IMU-2,83:49:4C:A3:DE:DB,3330,2000989,0,0
846,1.004650856973294,6,0.001464,0.014356935599999999,XIAO-IMU-2,83:49:4C:A3:DE:DB,3330,2000989,0,0
847,1.005838387537092,2,0.000488,0.0047856452,XIAO-IMU-2,83:49:4C:A3:DE:DB,3330,2000989,0,0
848,1.0070259181008903,-8,-0.001952,-0.0191425808,XIAO-IMU-2,83:49:4C:A3:DE:DB,3330,2000989,0,0
849,1.0082134486646885,-5,-0.00122,-0.011964112999999998,XIAO-IMU-2,83:49:4C:A3:DE:DB,3330,2000989,0,0
850,1.0094009792284868,-6,-0.001464,-0.014356935599999999,XIAO-IMU-2,83:49:4C:A3:DE:DB,3330,2000989,0,0
851,1.0105885097922849,-4,-0.000976,-0.0095712904,XIAO-IMU-2,83:49:4C:A3:DE:DB,3330,2000989,0,0
852,1.0117760403560832,8,0.001952,0.0191425808,XIAO-IMU-2,83:49:4C:A3:DE:DB,3330,2000989,0,0
853,1.0129635709198814,13,0.003172,0.031106693799999998,XIAO-IMU-2,83:49:4C:A3:DE:DB,3330,2000989,0,0
854,1.0141511014836797,17,0.004148,0.040677984199999996,XIAO-IMU-2,83:49:4C:A3:DE:DB,3330,2000989,0,0
855,1.0153386320474778,-2,-0.000488,-0.0047856452,XIAO-IMU-2,83:49:4C:A3:DE:DB,3330,2000989,0,0
856,1.016526162611276,11,0.002684,0.0263210486,XIAO-IMU-2,83:49:4C:A3:DE:DB,3330,2000989,0,0
857,1.0177136931750743,-5,-0.00122,-0.011964112999999998,XIAO-IMU-2,83:49:4C:A3:DE:DB,3330,2000989,0,0
858,1.0189012237388726,1,0.000244,0.0023928226,XIAO-IMU-2,83:49:4C:A3:DE:DB,3330,2000989,0,0
859,1.0200887543026707,-1,-0.000244,-0.0023928226,XIAO-IMU-2,83:49:4C:A3:DE:DB,3330,2000989,0,0
860,1.021276284866469,14,0.0034159999999999998,0.0334995164,XIAO-IMU-2,83:49:4C:A3:DE:DB,3330,2000989,0,0
861,1.0224638154302672,4,0.000976,0.0095712904,XIAO-IMU-2,83:49:4C:A3:DE:DB,3330,2000989,0,0
862,1.0236513459940655,12,0.002928,0.028713871199999998,XIAO-IMU-2,83:49:4C:A3:DE:DB,3330,2000989,0,0
863,1.0248388765578635,-7,-0.0017079999999999999,-0.0167497582,XIAO-IMU-2,83:49:4C:A3:DE:DB,3330,2000989,0,0
864,1.0260264071216618,-5,-0.00122,-0.011964112999999998,XIAO-IMU-2,83:49:4C:A3:DE:DB,3330,2000989,0,0
865,1.02721393768546,17,0.004148,0.040677984199999996,XIAO-IMU-2,83:49:4C:A3:DE:DB,3330,2000989,0,0
866,1.0284014682492584,-6,-0.001464,-0.014356935599999999,XIAO-IMU-2,83:49:4C:A3:DE:DB,3330,2000989,0,0
867,1.0295889988130564,2,0.000488,0.0047856452,XIAO-IMU-2,83:49:4C:A3:DE:DB,3330,2000989,0,0
868,1.0307765293768547,8,0.001952,0.0191425808,XIAO-IMU-2,83:49:4C:A3:DE:DB,3330,2000989,0,0
869,1.031964059940653,20,0.00488,0.047856451999999994,XIAO-IMU-2,83:49:4C:A3:DE:DB,3330,2000989,0,0
870,1.033151590504451,-17,-0.004148,-0.040677984199999996,XIAO-IMU-2,83:49:4C:A3:DE:DB,3330,2000989,0,0
871,1.0343391210682493,-20,-0.00488,-0.047856451999999994,XIAO-IMU-2,83:49:4C:A3:DE:DB,3330,2000989,0,0
872,1.0355266516320476,8,0.001952,0.0191425808,XIAO-IMU-2,83:49:4C:A3:DE:DB,3330,2000989,0,0
873,1.0367141821958459,8,0.001952,0.0191425808,XIAO-IMU-2,83:49:4C:A3:DE:DB,3330,2000989,0,0
874,1.037901712759644,-7,-0.0017079999999999999,-0.0167497582,XIAO-IMU-2,83:49:4C:A3:DE:DB,3330,2000989,0,0
875,1.0390892433234422,13,0.003172,0.031106693799999998,XIAO-IMU-2,83:49:4C:A3:DE:DB,3330,2000989,0,0
876,1.0402767738872405,16,0.003904,0.0382851616,XIAO-IMU-2,83:49:4C:A3:DE:DB,3330,2000989,0,0
877,1.0414643044510388,-17,-0.004148,-0.040677984199999996,XIAO-IMU-2,83:49:4C:A3:DE:DB,3330,2000989,0,0
878,1.0426518350148368,13,0.003172,0.031106693799999998,XIAO-IMU-2,83:49:4C:A3:DE:DB,3330,2000989,0,0
879,1.043839365578635,-11,-0.002684,-0.0263210486,XIAO-IMU-2,83:49:4C:A3:DE:DB,3330,2000989,0,0
880,1.0450268961424334,-4,-0.000976,-0.0095712904,XIAO-IMU-2,83:49:4C:A3:DE:DB,3330,2000989,0,0
881,1.0462144267062317,6,0.001464,0.014356935599999999,XIAO-IMU-2,83:49:4C:A3:DE:DB,3330,2000989,0,0
882,1.0474019572700297,11,0.002684,0.0263210486,XIAO-IMU-2,83:49:4C:A3:DE:DB,3330,2000989,0,0
883,1.048589487833828,5,0.00122,0.011964112999999998,XIAO-IMU-2,83:49:4C:A3:DE:DB,3330,2000989,0,0
884,1.0497770183976263,4,0.000976,0.0095712904,XIAO-IMU-2,83:49:4C:A3:DE:DB,3330,2000989,0,0
885,1.0509645489614245,5,0.00122,0.011964112999999998,XIAO-IMU-2,83:49:4C:A3:DE:DB,3330,2000989,0,0
886,1.0521520795252226,-9,-0.0021959999999999996,-0.021535403399999997,XIAO-IMU-2,83:49:4C:A3:DE:DB,3330,2000989,0,0
887,1.0533396100890209,15,0.00366,0.035892338999999995,XIAO-IMU-2,83:49:4C:A3:DE:DB,3330,2000989,0,0
888,1.0545271406528192,13,0.003172,0.031106693799999998,XIAO-IMU-2,83:49:4C:A3:DE:DB,3330,2000989,0,0
889,1.0557146712166172,28,0.0068319999999999995,0.0669990328,XIAO-IMU-2,83:49:4C:A3:DE:DB,3330,2000989,0,0
890,1.0569022017804155,-33,-0.008052,-0.0789631458,XIAO-IMU-2,83:49:4C:A3:DE:DB,3330,2000989,0,0
891,1.0580897323442138,5,0.00122,0.011964112999999998,XIAO-IMU-2,83:49:4C:A3:DE:DB,3330,2000989,0,0
892,1.059277262908012,20,0.00488,0.047856451999999994,XIAO-IMU-2,83:49:4C:A3:DE:DB,3330,2000989,0,0
893,1.06046479347181,-1,-0.000244,-0.0023928226,XIAO-IMU-2,83:49:4C:A3:DE:DB,3330,2000989,0,0
894,1.0616523240356084,31,0.007564,0.0741775006,XIAO-IMU-2,83:49:4C:A3:DE:DB,3330,2000989,0,0
895,1.0628398545994067,3,0.000732,0.007178467799999999,XIAO-IMU-2,83:49:4C:A3:DE:DB,3330,2000989,0,0
896,1.064027385163205,-5,-0.00122,-0.011964112999999998,XIAO-IMU-2,83:49:4C:A3:DE:DB,3330,2000989,0,0
897,1.065214915727003,-1,-0.000244,-0.0023928226,XIAO-IMU-2,83:49:4C:A3:DE:DB,3330,2000989,0,0
898,1.0664024462908013,0,0.0,0.0,XIAO-IMU-2,83:49:4C:A3:DE:DB,3330,2000989,0,0
899,1.0675899768545996,12,0.002928,0.028713871199999998,XIAO-IMU-2,83:49:4C:A3:DE:DB,3330,2000989,0,0
900,1.0687775074183978,-7,-0.0017079999999999999,-0.0167497582,XIAO-IMU-2,83:49:4C:A3:DE:DB,3330,2000989,0,0
901,1.0699650379821959,-2,-0.000488,-0.0047856452,XIAO-IMU-2,83:49:4C:A3:DE:DB,3330,2000989,0,0
902,1.0711525685459942,6,0.001464,0.014356935599999999,XIAO-IMU-2,83:49:4C:A3:DE:DB,3330,2000989,0,0
903,1.0723400991097924,3,0.000732,0.007178467799999999,XIAO-IMU-2,83:49:4C:A3:DE:DB,3330,2000989,0,0
904,1.0735276296735907,-23,-0.005612,-0.05503491979999999,XIAO-IMU-2,83:49:4C:A3:DE:DB,3330,2000989,0,0
905,1.0747151602373888,11,0.002684,0.0263210486,XIAO-IMU-2,83:49:4C:A3:DE:DB,3330,2000989,0,0
906,1.075902690801187,-8,-0.001952,-0.0191425808,XIAO-IMU-2,83:49:4C:A3:DE:DB,3330,2000989,0,0
907,1.0770902213649853,11,0.002684,0.0263210486,XIAO-IMU-2,83:49:4C:A3:DE:DB,3330,2000989,0,0
908,1.0782777519287834,12,0.002928,0.028713871199999998,XIAO-IMU-2,83:49:4C:A3:DE:DB,3330,2000989,0,0
909,1.0794652824925817,11,0.002684,0.0263210486,XIAO-IMU-2,83:49:4C:A3:DE:DB,3330,2000989,0,0
910,1.08065281305638,2,0.000488,0.0047856452,XIAO-IMU-2,83:49:4C:A3:DE:DB,3330,2000989,0,0
911,1.0818403436201782,-2,-0.000488,-0.0047856452,XIAO-IMU-2,83:49:4C:A3:DE:DB,3330,2000989,0,0
912,1.0830278741839763,-1,-0.000244,-0.0023928226,XIAO-IMU-2,83:49:4C:A3:DE:DB,3330,2000989,0,0
913,1.0842154047477746,-10,-0.00244,-0.023928225999999997,XIAO-IMU-2,83:49:4C:A3:DE:DB,3330,2000989,0,0
914,1.0854029353115728,7,0.0017079999999999999,0.0167497582,XIAO-IMU-2,83:49:4C:A3:DE:DB,3330,2000989,0,0
915,1.0865904658753711,10,0.00244,0.023928225999999997,XIAO-IMU-2,83:49:4C:A3:DE:DB,3330,2000989,0,0
916,1.0877779964391692,-16,-0.003904,-0.0382851616,XIAO-IMU-2,83:49:4C:A3:DE:DB,3330,2000989,0,0
917,1.0889655270029674,-1,-0.000244,-0.0023928226,XIAO-IMU-2,83:49:4C:A3:DE:DB,3330,2000989,0,0
918,1.0901530575667657,-8,-0.001952,-0.0191425808,XIAO-IMU-2,83:49:4C:A3:DE:DB,3330,2000989,0,0
919,1.091340588130564,-4,-0.000976,-0.0095712904,XIAO-IMU-2,83:49:4C:A3:DE:DB,3330,2000989,0,0
920,1.092528118694362,-12,-0.002928,-0.028713871199999998,XIAO-IMU-2,83:49:4C:A3:DE:DB,3330,2000989,0,0
921,1.0937156492581603,-17,-0.004148,-0.040677984199999996,XIAO-IMU-2,83:49:4C:A3:DE:DB,3330,2000989,0,0
922,1.0949031798219586,-11,-0.002684,-0.0263210486,XIAO-IMU-2,83:49:4C:A3:DE:DB,3330,2000989,0,0
923,1.096090710385757,-22,-0.005368,-0.0526420972,XIAO-IMU-2,83:49:4C:A3:DE:DB,3330,2000989,0,0
924,1.097278240949555,-1,-0.000244,-0.0023928226,XIAO-IMU-2,83:49:4C:A3:DE:DB,3330,2000989,0,0
925,1.0984657715133532,-4,-0.000976,-0.0095712904,XIAO-IMU-2,83:49:4C:A3:DE:DB,3330,2000989,0,0
926,1.0996533020771515,-1,-0.000244,-0.0023928226,XIAO-IMU-2,83:49:4C:A3:DE:DB,3330,2000989,0,0
927,1.1008408326409496,-2,-0.000488,-0.0047856452,XIAO-IMU-2,83:49:4C:A3:DE:DB,3330,2000989,0,0
928,1.1020283632047478,18,0.004391999999999999,0.04307080679999999,XIAO-IMU-2,83:49:4C:A3:DE:DB,3330,2000989,0,0
929,1.1032158937685461,-7,-0.0017079999999999999,-0.0167497582,XIAO-IMU-2,83:49:4C:A3:DE:DB,3330,2000989,0,0
930,1.1044034243323444,-5,-0.00122,-0.011964112999999998,XIAO-IMU-2,83:49:4C:A3:DE:DB,3330,2000989,0,0
931,1.1055909548961425,-6,-0.001464,-0.014356935599999999,XIAO-IMU-2,83:49:4C:A3:DE:DB,3330,2000989,0,0
932,1.1067784854599407,23,0.005612,0.05503491979999999,XIAO-IMU-2,83:49:4C:A3:DE:DB,3330,2000989,0,0
933,1.107966016023739,7,0.0017079999999999999,0.0167497582,XIAO-IMU-2,83:49:4C:A3:DE:DB,3330,2000989,0,0
934,1.1091535465875373,21,0.005124,0.0502492746,XIAO-IMU-2,83:49:4C:A3:DE:DB,3330,2000989,0,0
935,1.1103410771513353,12,0.002928,0.028713871199999998,XIAO-IMU-2,83:49:4C:A3:DE:DB,3330,2000989,0,0
936,1.1115286077151336,14,0.0034159999999999998,0.0334995164,XIAO-IMU-2,83:49:4C:A3:DE:DB,3330,2000989,0,0
937,1.112716138278932,5,0.00122,0.011964112999999998,XIAO-IMU-2,83:49:4C:A3:DE:DB,3330,2000989,0,0
938,1.1139036688427302,2,0.000488,0.0047856452,XIAO-IMU-2,83:49:4C:A3:DE:DB,3330,2000989,0,0
939,1.1150911994065282,1,0.000244,0.0023928226,XIAO-IMU-2,83:49:4C:A3:DE:DB,3330,2000989,0,0
940,1.1162787299703265,5,0.00122,0.011964112999999998,XIAO-IMU-2,83:49:4C:A3:DE:DB,3330,2000989,0,0
941,1.1174662605341248,-3,-0.000732,-0.007178467799999999,XIAO-IMU-2,83:49:4C:A3:DE:DB,3330,2000989,0,0
942,1.118653791097923,-6,-0.001464,-0.014356935599999999,XIAO-IMU-2,83:49:4C:A3:DE:DB,3330,2000989,0,0
943,1.1198413216617211,-1,-0.000244,-0.0023928226,XIAO-IMU-2,83:49:4C:A3:DE:DB,3330,2000989,0,0
944,1.1210288522255194,-10,-0.00244,-0.023928225999999997,XIAO-IMU-2,83:49:4C:A3:DE:DB,3330,2000989,0,0
945,1.1222163827893177,-10,-0.00244,-0.023928225999999997,XIAO-IMU-2,83:49:4C:A3:DE:DB,3330,2000989,0,0
946,1.1234039133531157,-4,-0.000976,-0.0095712904,XIAO-IMU-2,83:49:4C:A3:DE:DB,3330,2000989,0,0
947,1.124591443916914,-12,-0.002928,-0.028713871199999998,XIAO-IMU-2,83:49:4C:A3:DE:DB,3330,2000989,0,0
948,1.1257789744807123,-9,-0.0021959999999999996,-0.021535403399999997,XIAO-IMU-2,83:49:4C:A3:DE:DB,3330,2000989,0,0
949,1.1269665050445106,3,0.000732,0.007178467799999999,XIAO-IMU-2,83:49:4C:A3:DE:DB,3330,2000989,0,0
950,1.1281540356083086,-6,-0.001464,-0.014356935599999999,XIAO-IMU-2,83:49:4C:A3:DE:DB,3330,2000989,0,0
951,1.129341566172107,30,0.00732,0.07178467799999999,XIAO-IMU-2,83:49:4C:A3:DE:DB,3330,2000989,0,0
952,1.1305290967359052,4,0.000976,0.0095712904,XIAO-IMU-2,83:49:4C:A3:DE:DB,3330,2000989,0,0
953,1.1317166272997035,8,0.001952,0.0191425808,XIAO-IMU-2,83:49:4C:A3:DE:DB,3330,2000989,0,0
954,1.1329041578635015,-4,-0.000976,-0.0095712904,XIAO-IMU-2,83:49:4C:A3:DE:DB,3330,2000989,0,0
955,1.1340916884272998,-7,-0.0017079999999999999,-0.0167497582,XIAO-IMU-2,83:49:4C:A3:DE:DB,3330,2000989,0,0
956,1.135279218991098,-4,-0.000976,-0.0095712904,XIAO-IMU-2,83:49:4C:A3:DE:DB,3330,2000989,0,0
957,1.1364667495548963,7,0.0017079999999999999,0.0167497582,XIAO-IMU-2,83:49:4C:A3:DE:DB,3330,2000989,0,0
958,1.1376542801186944,3,0.000732,0.007178467799999999,XIAO-IMU-2,83:49:4C:A3:DE:DB,3330,2000989,0,0
959,1.1388418106824927,1,0.000244,0.0023928226,XIAO-IMU-2,83:49:4C:A3:DE:DB,3330,2000989,0,0
960,1.140029341246291,3,0.000732,0.007178467799999999,XIAO-IMU-2,83:49:4C:A3:DE:DB,3330,2000989,0,0
961,1.1412168718100892,0,0.0,0.0,XIAO-IMU-2,83:49:4C:A3:DE:DB,3330,2000989,0,0
962,1.1424044023738873,6,0.001464,0.014356935599999999,XIAO-IMU-2,83:49:4C:A3:DE:DB,3330,2000989,0,0
963,1.1435919329376856,-10,-0.00244,-0.023928225999999997,XIAO-IMU-2,83:49:4C:A3:DE:DB,3330,2000989,0,0
964,1.1447794635014839,-3,-0.000732,-0.007178467799999999,XIAO-IMU-2,83:49:4C:A3:DE:DB,3330,2000989,0,0
965,1.145966994065282,-10,-0.00244,-0.023928225999999997,XIAO-IMU-2,83:49:4C:A3:DE:DB,3330,2000989,0,0
966,1.1471545246290802,0,0.0,0.0,XIAO-IMU-2,83:49:4C:A3:DE:DB,3330,2000989,0,0
967,1.1483420551928785,0,0.0,0.0,XIAO-IMU-2,83:49:4C:A3:DE:DB,3330,2000989,0,0
968,1.1495295857566767,16,0.003904,0.0382851616,XIAO-IMU-2,83:49:4C:A3:DE:DB,3330,2000989,0,0
969,1.1507171163204748,6,0.001464,0.014356935599999999,XIAO-IMU-2,83:49:4C:A3:DE:DB,3330,2000989,0,0
970,1.151904646884273,12,0.002928,0.028713871199999998,XIAO-IMU-2,83:49:4C:A3:DE:DB,3330,2000989,0,0
971,1.1530921774480714,7,0.0017079999999999999,0.0167497582,XIAO-IMU-2,83:49:4C:A3:DE:DB,3330,2000989,0,0
972,1.1542797080118696,0,0.0,0.0,XIAO-IMU-2,83:49:4C:A3:DE:DB,3330,2000989,0,0
973,1.1554672385756677,-2,-0.000488,-0.0047856452,XIAO-IMU-2,83:49:4C:A3:DE:DB,3330,2000989,0,0
974,1.156654769139466,-5,-0.00122,-0.011964112999999998,XIAO-IMU-2,83:49:4C:A3:DE:DB,3330,2000989,0,0
975,1.1578422997032642,12,0.002928,0.028713871199999998,XIAO-IMU-2,83:49:4C:A3:DE:DB,3330,2000989,0,0
976,1.1590298302670625,6,0.001464,0.014356935599999999,XIAO-IMU-2,83:49:4C:A3:DE:DB,3330,2000989,0,0
977,1.1602173608308606,5,0.00122,0.011964112999999998,XIAO-IMU-2,83:49:4C:A3:DE:DB,3330,2000989,0,0
978,1.1614048913946589,9,0.0021959999999999996,0.021535403399999997,XIAO-IMU-2,83:49:4C:A3:DE:DB,3330,2000989,0,0
979,1.1625924219584571,-3,-0.000732,-0.007178467799999999,XIAO-IMU-2,83:49:4C:A3:DE:DB,3330,2000989,0,0
980,1.1637799525222554,19,0.004636,0.045463629400000004,XIAO-IMU-2,83:49:4C:A3:DE:DB,3330,2000989,0,0
981,1.1649674830860535,16,0.003904,0.0382851616,XIAO-IMU-2,83:49:4C:A3:DE:DB,3330,2000989,0,0
982,1.1661550136498517,-7,-0.0017079999999999999,-0.0167497582,XIAO-IMU-2,83:49:4C:A3:DE:DB,3330,2000989,0,0
983,1.16734254421365,-11,-0.002684,-0.0263210486,XIAO-IMU-2,83:49:4C:A3:DE:DB,3330,2000989,0,0
984,1.1685300747774483,6,0.001464,0.014356935599999999,XIAO-IMU-2,83:49:4C:A3:DE:DB,3330,2000989,0,0
985,1.1697176053412464,5,0.00122,0.011964112999999998,XIAO-IMU-2,83:49:4C:A3:DE:DB,3330,2000989,0,0
986,1.1709051359050446,10,0.00244,0.023928225999999997,XIAO-IMU-2,83:49:4C:A3:DE:DB,3330,2000989,0,0
987,1.172092666468843,12,0.002928,0.028713871199999998,XIAO-IMU-2,83:49:4C:A3:DE:DB,3330,2000989,0,0
988,1.173280197032641,-13,-0.003172,-0.031106693799999998,XIAO-IMU-2,83:49:4C:A3:DE:DB,3330,2000989,0,0
989,1.1744677275964392,-4,-0.000976,-0.0095712904,XIAO-IMU-2,83:49:4C:A3:DE:DB,3330,2000989,0,0
990,1.1756552581602375,1,0.000244,0.0023928226,XIAO-IMU-2,83:49:4C:A3:DE:DB,3330,2000989,0,0
991,1.1768427887240358,10,0.00244,0.023928225999999997,XIAO-IMU-2,83:49:4C:A3:DE:DB,3330,2000989,0,0
992,1.1780303192878339,15,0.00366,0.035892338999999995,XIAO-IMU-2,83:49:4C:A3:DE:DB,3330,2000989,0,0
993,1.1792178498516321,-6,-0.001464,-0.014356935599999999,XIAO-IMU-2,83:49:4C:A3:DE:DB,3330,2000989,0,0
994,1.1804053804154304,-3,-0.000732,-0.007178467799999999,XIAO-IMU-2,83:49:4C:A3:DE:DB,3330,2000989,0,0
995,1.1815929109792287,2,0.000488,0.0047856452,XIAO-IMU-2,83:49:4C:A3:DE:DB,3330,2000989,0,0
996,1.1827804415430268,8,0.001952,0.0191425808,XIAO-IMU-2,83:49:4C:A3:DE:DB,3330,2000989,0,0
997,1.183967972106825,2,0.000488,0.0047856452,XIAO-IMU-2,83:49:4C:A3:DE:DB,3330,2000989,0,0
998,1.1851555026706233,11,0.002684,0.0263210486,XIAO-IMU-2,83:49:4C:A3:DE:DB,3330,2000989,0,0
999,1.1863430332344216,2,0.000488,0.0047856452,XIAO-IMU-2,83:49:4C:A3:DE:DB,3330,2000989,0,0
1000,1.1875305637982196,-3,-0.000732,-0.007178467799999999,XIAO-IMU-2,83:49:4C:A3:DE:DB,3330,2000989,0,0
1001,1.188718094362018,1,0.000244,0.0023928226,XIAO-IMU-2,83:49:4C:A3:DE:DB,3330,2000989,0,0
1002,1.1899056249258162,-3,-0.000732,-0.007178467799999999,XIAO-IMU-2,83:49:4C:A3:DE:DB,3330,2000989,0,0
1003,1.1910931554896145,11,0.002684,0.0263210486,XIAO-IMU-2,83:49:4C:A3:DE:DB,3330,2000989,0,0
1004,1.1922806860534125,26,0.006344,0.062213387599999996,XIAO-IMU-2,83:49:4C:A3:DE:DB,3330,2000989,0,0
1005,1.1934682166172108,0,0.0,0.0,XIAO-IMU-2,83:49:4C:A3:DE:DB,3330,2000989,0,0
1006,1.194655747181009,4,0.000976,0.0095712904,XIAO-IMU-2,83:49:4C:A3:DE:DB,3330,2000989,0,0
1007,1.1958432777448071,11,0.002684,0.0263210486,XIAO-IMU-2,83:49:4C:A3:DE:DB,3330,2000989,0,0
1008,1.1970308083086054,-4,-0.000976,-0.0095712904,XIAO-IMU-2,83:49:4C:A3:DE:DB,3330,2000989,0,0
1009,1.1982183388724037,14,0.0034159999999999998,0.0334995164,XIAO-IMU-2,83:49:4C:A3:DE:DB,3330,2000989,0,0
1010,1.199405869436202,10,0.00244,0.023928225999999997,XIAO-IMU-2,83:49:4C:A3:DE:DB,3330,2000989,0,0
1011,1.2005934,14,0.0034159999999999998,0.0334995164,XIAO-IMU-2,83:49:4C:A3:DE:DB,3330,2000989,0,0
1012,1.2017809305637983,-2,-0.000488,-0.0047856452,XIAO-IMU-2,83:49:4C:A3:DE:DB,3330,2000989,0,0
1013,1.2029684611275966,1,0.000244,0.0023928226,XIAO-IMU-2,83:49:4C:A3:DE:DB,3330,2000989,0,0
1014,1.2041559916913949,5,0.00122,0.011964112999999998,XIAO-IMU-2,83:49:4C:A3:DE:DB,3330,2000989,0,0
1015,1.205343522255193,6,0.001464,0.014356935599999999,XIAO-IMU-2,83:49:4C:A3:DE:DB,3330,2000989,0,0
1016,1.2065310528189912,-1,-0.000244,-0.0023928226,XIAO-IMU-2,83:49:4C:A3:DE:DB,3330,2000989,0,0
1017,1.2077185833827895,1,0.000244,0.0023928226,XIAO-IMU-2,83:49:4C:A3:DE:DB,3330,2000989,0,0
1018,1.2089061139465878,2,0.000488,0.0047856452,XIAO-IMU-2,83:49:4C:A3:DE:DB,3330,2000989,0,0
1019,1.2100936445103858,19,0.004636,0.045463629400000004,XIAO-IMU-2,83:49:4C:A3:DE:DB,3330,2000989,0,0
1020,1.211281175074184,0,0.0,0.0,XIAO-IMU-2,83:49:4C:A3:DE:DB,3330,2000989,0,0
1021,1.2124687056379824,-1,-0.000244,-0.0023928226,XIAO-IMU-2,83:49:4C:A3:DE:DB,3330,2000989,0,0
1022,1.2136562362017806,-11,-0.002684,-0.0263210486,XIAO-IMU-2,83:49:4C:A3:DE:DB,3330,2000989,0,0
1023,1.2148437667655787,0,0.0,0.0,XIAO-IMU-2,83:49:4C:A3:DE:DB,3330,2000989,0,0
1024,1.216031297329377,15,0.00366,0.035892338999999995,XIAO-IMU-2,83:49:4C:A3:DE:DB,3330,2000989,0,0
1025,1.2172188278931753,-1,-0.000244,-0.0023928226,XIAO-IMU-2,83:49:4C:A3:DE:DB,3330,2000989,0,0
1026,1.2184063584569733,-8,-0.001952,-0.0191425808,XIAO-IMU-2,83:49:4C:A3:DE:DB,3330,2000989,0,0
1027,1.2195938890207716,0,0.0,0.0,XIAO-IMU-2,83:49:4C:A3:DE:DB,3330,2000989,0,0
1028,1.2207814195845699,3,0.000732,0.007178467799999999,XIAO-IMU-2,83:49:4C:A3:DE:DB,3330,2000989,0,0
1029,1.2219689501483681,-4,-0.000976,-0.0095712904,XIAO-IMU-2,83:49:4C:A3:DE:DB,3330,2000989,0,0
1030,1.2231564807121662,0,0.0,0.0,XIAO-IMU-2,83:49:4C:A3:DE:DB,3330,2000989,0,0
1031,1.2243440112759645,2,0.000488,0.0047856452,XIAO-IMU-2,83:49:4C:A3:DE:DB,3330,2000989,0,0
1032,1.2255315418397628,11,0.002684,0.0263210486,XIAO-IMU-2,83:49:4C:A3:DE:DB,3330,2000989,0,0
1033,1.226719072403561,-12,-0.002928,-0.028713871199999998,XIAO-IMU-2,83:49:4C:A3:DE:DB,3330,2000989,0,0
1034,1.227906602967359,-4,-0.000976,-0.0095712904,XIAO-IMU-2,83:49:4C:A3:DE:DB,3330,2000989,0,0
1035,1.2290941335311574,-5,-0.00122,-0.011964112999999998,XIAO-IMU-2,83:49:4C:A3:DE:DB,3330,2000989,0,0
1036,1.2302816640949557,5,0.00122,0.011964112999999998,XIAO-IMU-2,83:49:4C:A3:DE:DB,3330,2000989,0,0
1037,1.231469194658754,0,0.0,0.0,XIAO-IMU-2,83:49:4C:A3:DE:DB,3330,2000989,0,0
1038,1.232656725222552,-2,-0.000488,-0.0047856452,XIAO-IMU-2,83:49:4C:A3:DE:DB,3330,2000989,0,0
1039,1.2338442557863503,5,0.00122,0.011964112999999998,XIAO-IMU-2,83:49:4C:A3:DE:DB,3330,2000989,0,0
1040,1.2350317863501485,-7,-0.0017079999999999999,-0.0167497582,XIAO-IMU-2,83:49:4C:A3:DE:DB,3330,2000989,0,0
1041,1.2362193169139468,16,0.003904,0.0382851616,XIAO-IMU-2,83:49:4C:A3:DE:DB,3330,2000989,0,0
1042,1.2374068474777449,-12,-0.002928,-0.028713871199999998,XIAO-IMU-2,83:49:4C:A3:DE:DB,3330,2000989,0,0
1043,1.2385943780415432,-2,-0.000488,-0.0047856452,XIAO-IMU-2,83:49:4C:A3:DE:DB,3330,2000989,0,0
1044,1.2397819086053414,0,0.0,0.0,XIAO-IMU-2,83:49:4C:A3:DE:DB,3330,2000989,0,0
1045,1.2409694391691395,-6,-0.001464,-0.014356935599999999,XIAO-IMU-2,83:49:4C:A3:DE:DB,3330,2000989,0,0
1046,1.2421569697329378,14,0.0034159999999999998,0.0334995164,XIAO-IMU-2,83:49:4C:A3:DE:DB,3330,2000989,0,0
1047,1.243344500296736,-7,-0.0017079999999999999,-0.0167497582,XIAO-IMU-2,83:49:4C:A3:DE:DB,3330,2000989,0,0
1048,1.2445320308605343,14,0.0034159999999999998,0.0334995164,XIAO-IMU-2,83:49:4C:A3:DE:DB,3330,2000989,0,0
1049,1.2457195614243324,-4,-0.000976,-0.0095712904,XIAO-IMU-2,83:49:4C:A3:DE:DB,3330,2000989,0,0
1050,1.2469070919881307,8,0.001952,0.0191425808,XIAO-IMU-2,83:49:4C:A3:DE:DB,3330,2000989,0,0
1051,1.248094622551929,6,0.001464,0.014356935599999999,XIAO-IMU-2,83:49:4C:A3:DE:DB,3330,2000989,0,0
1052,1.2492821531157272,-1,-0.000244,-0.0023928226,XIAO-IMU-2,83:49:4C:A3:DE:DB,3330,2000989,0,0
1053,1.2504696836795253,12,0.002928,0.028713871199999998,XIAO-IMU-2,83:49:4C:A3:DE:DB,3330,2000989,0,0
1054,1.2516572142433235,4,0.000976,0.0095712904,XIAO-IMU-2,83:49:4C:A3:DE:DB,3330,2000989,0,0
1055,1.2528447448071218,12,0.002928,0.028713871199999998,XIAO-IMU-2,83:49:4C:A3:DE:DB,3330,2000989,0,0
1056,1.25403227537092,0,0.0,0.0,XIAO-IMU-2,83:49:4C:A3:DE:DB,3330,2000989,0,0
1057,1.2552198059347182,-1,-0.000244,-0.0023928226,XIAO-IMU-2,83:49:4C:A3:DE:DB,3330,2000989,0,0
1058,1.2564073364985164,7,0.0017079999999999999,0.0167497582,XIAO-IMU-2,83:49:4C:A3:DE:DB,3330,2000989,0,0
1059,1.2575948670623147,0,0.0,0.0,XIAO-IMU-2,83:49:4C:A3:DE:DB,3330,2000989,0,0
1060,1.258782397626113,11,0.002684,0.0263210486,XIAO-IMU-2,83:49:4C:A3:DE:DB,3330,2000989,0,0
1061,1.259969928189911,4,0.000976,0.0095712904,XIAO-IMU-2,83:49:4C:A3:DE:DB,3330,2000989,0,0
1062,1.2611574587537093,16,0.003904,0.0382851616,XIAO-IMU-2,83:49:4C:A3:DE:DB,3330,2000989,0,0
1063,1.2623449893175076,6,0.001464,0.014356935599999999,XIAO-IMU-2,83:49:4C:A3:DE:DB,3330,2000989,0,0
1064,1.2635325198813057,6,0.001464,0.014356935599999999,XIAO-IMU-2,83:49:4C:A3:DE:DB,3330,2000989,0,0
1065,1.264720050445104,9,0.0021959999999999996,0.021535403399999997,XIAO-IMU-2,83:49:4C:A3:DE:DB,3330,2000989,0,0
1066,1.2659075810089022,-3,-0.000732,-0.007178467799999999,XIAO-IMU-2,83:49:4C:A3:DE:DB,3330,2000989,0,0
1067,1.2670951115727005,2,0.000488,0.0047856452,XIAO-IMU-2,83:49:4C:A3:DE:DB,3330,2000989,0,0
1068,1.2682826421364986,-1,-0.000244,-0.0023928226,XIAO-IMU-2,83:49:4C:A3:DE:DB,3330,2000989,0,0
1069,1.2694701727002968,14,0.0034159999999999998,0.0334995164,XIAO-IMU-2,83:49:4C:A3:DE:DB,3330,2000989,0,0
1070,1.270657703264095,5,0.00122,0.011964112999999998,XIAO-IMU-2,83:49:4C:A3:DE:DB,3330,2000989,0,0
1071,1.2718452338278934,-2,-0.000488,-0.0047856452,XIAO-IMU-2,83:49:4C:A3:DE:DB,3330,2000989,0,0
1072,1.2730327643916914,-5,-0.00122,-0.011964112999999998,XIAO-IMU-2,83:49:4C:A3:DE:DB,3330,2000989,0,0
1073,1.2742202949554897,-15,-0.00366,-0.035892338999999995,XIAO-IMU-2,83:49:4C:A3:DE:DB,3330,2000989,0,0
1074,1.275407825519288,-11,-0.002684,-0.0263210486,XIAO-IMU-2,83:49:4C:A3:DE:DB,3330,2000989,0,0
1075,1.2765953560830863,-1,-0.000244,-0.0023928226,XIAO-IMU-2,83:49:4C:A3:DE:DB,3330,2000989,0,0
1076,1.2777828866468843,-4,-0.000976,-0.0095712904,XIAO-IMU-2,83:49:4C:A3:DE:DB,3330,2000989,0,0
1077,1.2789704172106826,15,0.00366,0.035892338999999995,XIAO-IMU-2,83:49:4C:A3:DE:DB,3330,2000989,0,0
1078,1.2801579477744809,-5,-0.00122,-0.011964112999999998,XIAO-IMU-2,83:49:4C:A3:DE:DB,3330,2000989,0,0
1079,1.2813454783382792,-4,-0.000976,-0.0095712904,XIAO-IMU-2,83:49:4C:A3:DE:DB,3330,2000989,0,0
1080,1.2825330089020772,1,0.000244,0.0023928226,XIAO-IMU-2,83:49:4C:A3:DE:DB,3330,2000989,0,0
1081,1.2837205394658755,-3,-0.000732,-0.007178467799999999,XIAO-IMU-2,83:49:4C:A3:DE:DB,3330,2000989,0,0
1082,1.2849080700296738,-2,-0.000488,-0.0047856452,XIAO-IMU-2,83:49:4C:A3:DE:DB,3330,2000989,0,0
1083,1.286095600593472,8,0.001952,0.0191425808,XIAO-IMU-2,83:49:4C:A3:DE:DB,3330,2000989,0,0
1084,1.28728313115727,-6,-0.001464,-0.014356935599999999,XIAO-IMU-2,83:49:4C:A3:DE:DB,3330,2000989,0,0
1085,1.2884706617210684,-5,-0.00122,-0.011964112999999998,XIAO-IMU-2,83:49:4C:A3:DE:DB,3330,2000989,0,0
1086,1.2896581922848667,-6,-0.001464,-0.014356935599999999,XIAO-IMU-2,83:49:4C:A3:DE:DB,3330,2000989,0,0
1087,1.2908457228486647,-6,-0.001464,-0.014356935599999999,XIAO-IMU-2,83:49:4C:A3:DE:DB,3330,2000989,0,0
1088,1.292033253412463,-1,-0.000244,-0.0023928226,XIAO-IMU-2,83:49:4C:A3:DE:DB,3330,2000989,0,0
1089,1.2932207839762613,-2,-0.000488,-0.0047856452,XIAO-IMU-2,83:49:4C:A3:DE:DB,3330,2000989,0,0
1090,1.2944083145400596,0,0.0,0.0,XIAO-IMU-2,83:49:4C:A3:DE:DB,3330,2000989,0,0
1091,1.2955958451038576,-2,-0.000488,-0.0047856452,XIAO-IMU-2,83:49:4C:A3:DE:DB,3330,2000989,0,0
1092,1.296783375667656,-2,-0.000488,-0.0047856452,XIAO-IMU-2,83:49:4C:A3:DE:DB,3330,2000989,0,0
1093,1.2979709062314542,6,0.001464,0.014356935599999999,XIAO-IMU-2,83:49:4C:A3:DE:DB,3330,2000989,0,0
1094,1.2991584367952524,26,0.006344,0.062213387599999996,XIAO-IMU-2,83:49:4C:A3:DE:DB,3330,2000989,0,0
1095,1.3003459673590505,2,0.000488,0.0047856452,XIAO-IMU-2,83:49:4C:A3:DE:DB,3330,2000989,0,0
1096,1.3015334979228488,-3,-0.000732,-0.007178467799999999,XIAO-IMU-2,83:49:4C:A3:DE:DB,3330,2000989,0,0
1097,1.302721028486647,-15,-0.00366,-0.035892338999999995,XIAO-IMU-2,83:49:4C:A3:DE:DB,3330,2000989,0,0
1098,1.3039085590504453,0,0.0,0.0,XIAO-IMU-2,83:49:4C:A3:DE:DB,3330,2000989,0,0
1099,1.3050960896142434,-7,-0.0017079999999999999,-0.0167497582,XIAO-IMU-2,83:49:4C:A3:DE:DB,3330,2000989,0,0
1100,1.3062836201780417,-9,-0.0021959999999999996,-0.021535403399999997,XIAO-IMU-2,83:49:4C:A3:DE:DB,3330,2000989,0,0
1101,1.30747115074184,17,0.004148,0.040677984199999996,XIAO-IMU-2,83:49:4C:A3:DE:DB,3330,2000989,0,0
1102,1.3086586813056382,0,0.0,0.0,XIAO-IMU-2,83:49:4C:A3:DE:DB,3330,2000989,0,0
1103,1.3098462118694363,-1,-0.000244,-0.0023928226,XIAO-IMU-2,83:49:4C:A3:DE:DB,3330,2000989,0,0
1104,1.3110337424332346,14,0.0034159999999999998,0.0334995164,XIAO-IMU-2,83:49:4C:A3:DE:DB,3330,2000989,0,0
1105,1.3122212729970328,17,0.004148,0.040677984199999996,XIAO-IMU-2,83:49:4C:A3:DE:DB,3330,2000989,0,0
1106,1.313408803560831,16,0.003904,0.0382851616,XIAO-IMU-2,83:49:4C:A3:DE:DB,3330,2000989,0,0
1107,1.3145963341246292,-5,-0.00122,-0.011964112999999998,XIAO-IMU-2,83:49:4C:A3:DE:DB,3330,2000989,0,0
1108,1.3157838646884275,-9,-0.0021959999999999996,-0.021535403399999997,XIAO-IMU-2,83:49:4C:A3:DE:DB,3330,2000989,0,0
1109,1.3169713952522257,7,0.0017079999999999999,0.0167497582,XIAO-IMU-2,83:49:4C:A3:DE:DB,3330,2000989,0,0
1110,1.3181589258160238,-8,-0.001952,-0.0191425808,XIAO-IMU-2,83:49:4C:A3:DE:DB,3330,2000989,0,0
1111,1.319346456379822,-24,-0.005856,-0.057427742399999995,XIAO-IMU-2,83:49:4C:A3:DE:DB,3330,2000989,0,0
1112,1.3205339869436203,14,0.0034159999999999998,0.0334995164,XIAO-IMU-2,83:49:4C:A3:DE:DB,3330,2000989,0,0
1113,1.3217215175074186,15,0.00366,0.035892338999999995,XIAO-IMU-2,83:49:4C:A3:DE:DB,3330,2000989,0,0
1114,1.3229090480712167,16,0.003904,0.0382851616,XIAO-IMU-2,83:49:4C:A3:DE:DB,3330,2000989,0,0
1115,1.324096578635015,-19,-0.004636,-0.045463629400000004,XIAO-IMU-2,83:49:4C:A3:DE:DB,3330,2000989,0,0
1116,1.3252841091988132,4,0.000976,0.0095712904,XIAO-IMU-2,83:49:4C:A3:DE:DB,3330,2000989,0,0
1117,1.3264716397626115,5,0.00122,0.011964112999999998,XIAO-IMU-2,83:49:4C:A3:DE:DB,3330,2000989,0,0
1118,1.3276591703264096,-8,-0.001952,-0.0191425808,XIAO-IMU-2,83:49:4C:A3:DE:DB,3330,2000989,0,0
1119,1.3288467008902078,-3,-0.000732,-0.007178467799999999,XIAO-IMU-2,83:49:4C:A3:DE:DB,3330,2000989,0,0
1120,1.3300342314540061,12,0.002928,0.028713871199999998,XIAO-IMU-2,83:49:4C:A3:DE:DB,3330,2000989,0,0
1121,1.3312217620178044,7,0.0017079999999999999,0.0167497582,XIAO-IMU-2,83:49:4C:A3:DE:DB,3330,2000989,0,0
1122,1.3324092925816025,6,0.001464,0.014356935599999999,XIAO-IMU-2,83:49:4C:A3:DE:DB,3330,2000989,0,0
1123,1.3335968231454007,5,0.00122,0.011964112999999998,XIAO-IMU-2,83:49:4C:A3:DE:DB,3330,2000989,0,0
1124,1.334784353709199,15,0.00366,0.035892338999999995,XIAO-IMU-2,83:49:4C:A3:DE:DB,3330,2000989,0,0
1125,1.335971884272997,12,0.002928,0.028713871199999998,XIAO-IMU-2,83:49:4C:A3:DE:DB,3330,2000989,0,0
1126,1.3371594148367953,-2,-0.000488,-0.0047856452,XIAO-IMU-2,83:49:4C:A3:DE:DB,3330,2000989,0,0
1127,1.3383469454005936,6,0.001464,0.014356935599999999,XIAO-IMU-2,83:49:4C:A3:DE:DB,3330,2000989,0,0
1128,1.339534475964392,6,0.001464,0.014356935599999999,XIAO-IMU-2,83:49:4C:A3:DE:DB,3330,2000989,0,0
1129,1.34072200652819,-1,-0.000244,-0.0023928226,XIAO-IMU-2,83:49:4C:A3:DE:DB,3330,2000989,0,0
1130,1.3419095370919882,0,0.0,0.0,XIAO-IMU-2,83:49:4C:A3:DE:DB,3330,2000989,0,0
1131,1.3430970676557865,3,0.000732,0.007178467799999999,XIAO-IMU-2,83:49:4C:A3:DE:DB,3330,2000989,0,0
1132,1.3442845982195848,10,0.00244,0.023928225999999997,XIAO-IMU-2,83:49:4C:A3:DE:DB,3330,2000989,0,0
1133,1.3454721287833828,-7,-0.0017079999999999999,-0.0167497582,XIAO-IMU-2,83:49:4C:A3:DE:DB,3330,2000989,0,0
1134,1.3466596593471811,-1,-0.000244,-0.0023928226,XIAO-IMU-2,83:49:4C:A3:DE:DB,3330,2000989,0,0
1135,1.3478471899109794,-9,-0.0021959999999999996,-0.021535403399999997,XIAO-IMU-2,83:49:4C:A3:DE:DB,3330,2000989,0,0
1136,1.3490347204747777,20,0.00488,0.047856451999999994,XIAO-IMU-2,83:49:4C:A3:DE:DB,3330,2000989,0,0
1137,1.3502222510385757,-6,-0.001464,-0.014356935599999999,XIAO-IMU-2,83:49:4C:A3:DE:DB,3330,2000989,0,0
1138,1.351409781602374,4,0.000976,0.0095712904,XIAO-IMU-2,83:49:4C:A3:DE:DB,3330,2000989,0,0
1139,1.3525973121661723,-10,-0.00244,-0.023928225999999997,XIAO-IMU-2,83:49:4C:A3:DE:DB,3330,2000989,0,0
1140,1.3537848427299706,-6,-0.001464,-0.014356935599999999,XIAO-IMU-2,83:49:4C:A3:DE:DB,3330,2000989,0,0
1141,1.3549723732937686,12,0.002928,0.028713871199999998,XIAO-IMU-2,83:49:4C:A3:DE:DB,3330,2000989,0,0
1142,1.356159903857567,-1,-0.000244,-0.0023928226,XIAO-IMU-2,83:49:4C:A3:DE:DB,3330,2000989,0,0
1143,1.3573474344213652,11,0.002684,0.0263210486,XIAO-IMU-2,83:49:4C:A3:DE:DB,3330,2000989,0,0
1144,1.3585349649851632,10,0.00244,0.023928225999999997,XIAO-IMU-2,83:49:4C:A3:DE:DB,3330,2000989,0,0
1145,1.3597224955489615,-6,-0.001464,-0.014356935599999999,XIAO-IMU-2,83:49:4C:A3:DE:DB,3330,2000989,0,0
1146,1.3609100261127598,-6,-0.001464,-0.014356935599999999,XIAO-IMU-2,83:49:4C:A3:DE:DB,3330,2000989,0,0
1147,1.362097556676558,10,0.00244,0.023928225999999997,XIAO-IMU-2,83:49:4C:A3:DE:DB,3330,2000989,0,0
1148,1.3632850872403561,-1,-0.000244,-0.0023928226,XIAO-IMU-2,83:49:4C:A3:DE:DB,3330,2000989,0,0
1149,1.3644726178041544,1,0.000244,0.0023928226,XIAO-IMU-2,83:49:4C:A3:DE:DB,3330,2000989,0,0
1150,1.3656601483679527,8,0.001952,0.0191425808,XIAO-IMU-2,83:49:4C:A3:DE:DB,3330,2000989,0,0
1151,1.366847678931751,-2,-0.000488,-0.0047856452,XIAO-IMU-2,83:49:4C:A3:DE:DB,3330,2000989,0,0
1152,1.368035209495549,-1,-0.000244,-0.0023928226,XIAO-IMU-2,83:49:4C:A3:DE:DB,3330,2000989,0,0
1153,1.3692227400593473,2,0.000488,0.0047856452,XIAO-IMU-2,83:49:4C:A3:DE:DB,3330,2000989,0,0
1154,1.3704102706231456,2,0.000488,0.0047856452,XIAO-IMU-2,83:49:4C:A3:DE:DB,3330,2000989,0,0
1155,1.3715978011869439,8,0.001952,0.0191425808,XIAO-IMU-2,83:49:4C:A3:DE:DB,3330,2000989,0,0
1156,1.372785331750742,4,0.000976,0.0095712904,XIAO-IMU-2,83:49:4C:A3:DE:DB,3330,2000989,0,0
1157,1.3739728623145402,8,0.001952,0.0191425808,XIAO-IMU-2,83:49:4C:A3:DE:DB,3330,2000989,0,0
1158,1.3751603928783385,-12,-0.002928,-0.028713871199999998,XIAO-IMU-2,83:49:4C:A3:DE:DB,3330,2000989,0,0
1159,1.3763479234421367,-8,-0.001952,-0.0191425808,XIAO-IMU-2,83:49:4C:A3:DE:DB,3330,2000989,0,0
1160,1.3775354540059348,-1,-0.000244,-0.0023928226,XIAO-IMU-2,83:49:4C:A3:DE:DB,3330,2000989,0,0
1161,1.378722984569733,2,0.000488,0.0047856452,XIAO-IMU-2,83:49:4C:A3:DE:DB,3330,2000989,0,0
1162,1.3799105151335314,1,0.000244,0.0023928226,XIAO-IMU-2,83:49:4C:A3:DE:DB,3330,2000989,0,0
1163,1.3810980456973294,3,0.000732,0.007178467799999999,XIAO-IMU-2,83:49:4C:A3:DE:DB,3330,2000989,0,0
1164,1.3822855762611277,15,0.00366,0.035892338999999995,XIAO-IMU-2,83:49:4C:A3:DE:DB,3330,2000989,0,0
1165,1.383473106824926,-14,-0.0034159999999999998,-0.0334995164,XIAO-IMU-2,83:49:4C:A3:DE:DB,3330,2000989,0,0
1166,1.3846606373887242,-11,-0.002684,-0.0263210486,XIAO-IMU-2,83:49:4C:A3:DE:DB,3330,2000989,0,0
1167,1.3858481679525223,-8,-0.001952,-0.0191425808,XIAO-IMU-2,83:49:4C:A3:DE:DB,3330,2000989,0,0
1168,1.3870356985163206,-2,-0.000488,-0.0047856452,XIAO-IMU-2,83:49:4C:A3:DE:DB,3330,2000989,0,0
1169,1.3882232290801189,1,0.000244,0.0023928226,XIAO-IMU-2,83:49:4C:A3:DE:DB,3330,2000989,0,0
1170,1.3894107596439171,-10,-0.00244,-0.023928225999999997,XIAO-IMU-2,83:49:4C:A3:DE:DB,3330,2000989,0,0
1171,1.3905982902077152,3,0.000732,0.007178467799999999,XIAO-IMU-2,83:49:4C:A3:DE:DB,3330,2000989,0,0
1172,1.3917858207715135,1,0.000244,0.0023928226,XIAO-IMU-2,83:49:4C:A3:DE:DB,3330,2000989,0,0
1173,1.3929733513353117,4,0.000976,0.0095712904,XIAO-IMU-2,83:49:4C:A3:DE:DB,3330,2000989,0,0
1174,1.39416088189911,-7,-0.0017079999999999999,-0.0167497582,XIAO-IMU-2,83:49:4C:A3:DE:DB,3330,2000989,0,0
1175,1.395348412462908,9,0.0021959999999999996,0.021535403399999997,XIAO-IMU-2,83:49:4C:A3:DE:DB,3330,2000989,0,0
1176,1.3965359430267064,-11,-0.002684,-0.0263210486,XIAO-IMU-2,83:49:4C:A3:DE:DB,3330,2000989,0,0
1177,1.3977234735905046,10,0.00244,0.023928225999999997,XIAO-IMU-2,83:49:4C:A3:DE:DB,3330,2000989,0,0
1178,1.398911004154303,1,0.000244,0.0023928226,XIAO-IMU-2,83:49:4C:A3:DE:DB,3330,2000989,0,0
1179,1.400098534718101,-6,-0.001464,-0.014356935599999999,XIAO-IMU-2,83:49:4C:A3:DE:DB,3330,2000989,0,0
1180,1.4012860652818993,4,0.000976,0.0095712904,XIAO-IMU-2,83:49:4C:A3:DE:DB,3330,2000989,0,0
1181,1.4024735958456975,-1,-0.000244,-0.0023928226,XIAO-IMU-2,83:49:4C:A3:DE:DB,3330,2000989,0,0
1182,1.4036611264094956,4,0.000976,0.0095712904,XIAO-IMU-2,83:49:4C:A3:DE:DB,3330,2000989,0,0
1183,1.4048486569732939,12,0.002928,0.028713871199999998,XIAO-IMU-2,83:49:4C:A3:DE:DB,3330,2000989,0,0
1184,1.4060361875370921,30,0.00732,0.07178467799999999,XIAO-IMU-2,83:49:4C:A3:DE:DB,3330,2000989,0,0
1185,1.4072237181008904,10,0.00244,0.023928225999999997,XIAO-IMU-2,83:49:4C:A3:DE:DB,3330,2000989,0,0
1186,1.4084112486646885,-2,-0.000488,-0.0047856452,XIAO-IMU-2,83:49:4C:A3:DE:DB,3330,2000989,0,0
1187,1.4095987792284868,9,0.0021959999999999996,0.021535403399999997,XIAO-IMU-2,83:49:4C:A3:DE:DB,3330,2000989,0,0
1188,1.410786309792285,6,0.001464,0.014356935599999999,XIAO-IMU-2,83:49:4C:A3:DE:DB,3330,2000989,0,0
1189,1.4119738403560833,-7,-0.0017079999999999999,-0.0167497582,XIAO-IMU-2,83:49:4C:A3:DE:DB,3330,2000989,0,0
1190,1.4131613709198814,9,0.0021959999999999996,0.021535403399999997,XIAO-IMU-2,83:49:4C:A3:DE:DB,3330,2000989,0,0
1191,1.4143489014836796,-12,-0.002928,-0.028713871199999998,XIAO-IMU-2,83:49:4C:A3:DE:DB,3330,2000989,0,0
1192,1.415536432047478,17,0.004148,0.040677984199999996,XIAO-IMU-2,83:49:4C:A3:DE:DB,3330,2000989,0,0
1193,1.4167239626112762,-15,-0.00366,-0.035892338999999995,XIAO-IMU-2,83:49:4C:A3:DE:DB,3330,2000989,0,0
1194,1.4179114931750743,10,0.00244,0.023928225999999997,XIAO-IMU-2,83:49:4C:A3:DE:DB,3330,2000989,0,0
1195,1.4190990237388725,0,0.0,0.0,XIAO-IMU-2,83:49:4C:A3:DE:DB,3330,2000989,0,0
1196,1.4202865543026708,-9,-0.0021959999999999996,-0.021535403399999997,XIAO-IMU-2,83:49:4C:A3:DE:DB,3330,2000989,0,0
1197,1.421474084866469,-4,-0.000976,-0.0095712904,XIAO-IMU-2,83:49:4C:A3:DE:DB,3330,2000989,0,0
1198,1.4226616154302671,-5,-0.00122,-0.011964112999999998,XIAO-IMU-2,83:49:4C:A3:DE:DB,3330,2000989,0,0
1199,1.4238491459940654,7,0.0017079999999999999,0.0167497582,XIAO-IMU-2,83:49:4C:A3:DE:DB,3330,2000989,0,0
1200,1.4250366765578637,-17,-0.004148,-0.040677984199999996,XIAO-IMU-2,83:49:4C:A3:DE:DB,3330,2000989,0,0
1201,1.426224207121662,-7,-0.0017079999999999999,-0.0167497582,XIAO-IMU-2,83:49:4C:A3:DE:DB,3330,2000989,0,0
1202,1.42741173768546,-6,-0.001464,-0.014356935599999999,XIAO-IMU-2,83:49:4C:A3:DE:DB,3330,2000989,0,0
1203,1.4285992682492583,-2,-0.000488,-0.0047856452,XIAO-IMU-2,83:49:4C:A3:DE:DB,3330,2000989,0,0
1204,1.4297867988130566,3,0.000732,0.007178467799999999,XIAO-IMU-2,83:49:4C:A3:DE:DB,3330,2000989,0,0
1205,1.4309743293768546,3,0.000732,0.007178467799999999,XIAO-IMU-2,83:49:4C:A3:DE:DB,3330,2000989,0,0
1206,1.432161859940653,-14,-0.0034159999999999998,-0.0334995164,XIAO-IMU-2,83:49:4C:A3:DE:DB,3330,2000989,0,0
1207,1.4333493905044512,-10,-0.00244,-0.023928225999999997,XIAO-IMU-2,83:49:4C:A3:DE:DB,3330,2000989,0,0
1208,1.4345369210682495,-3,-0.000732,-0.007178467799999999,XIAO-IMU-2,83:49:4C:A3:DE:DB,3330,2000989,0,0
1209,1.4357244516320475,0,0.0,0.0,XIAO-IMU-2,83:49:4C:A3:DE:DB,3330,2000989,0,0
1210,1.4369119821958458,3,0.000732,0.007178467799999999,XIAO-IMU-2,83:49:4C:A3:DE:DB,3330,2000989,0,0
1211,1.438099512759644,15,0.00366,0.035892338999999995,XIAO-IMU-2,83:49:4C:A3:DE:DB,3330,2000989,0,0
1212,1.4392870433234424,7,0.0017079999999999999,0.0167497582,XIAO-IMU-2,83:49:4C:A3:DE:DB,3330,2000989,0,0
1213,1.4404745738872404,-1,-0.000244,-0.0023928226,XIAO-IMU-2,83:49:4C:A3:DE:DB,3330,2000989,0,0
1214,1.4416621044510387,19,0.004636,0.045463629400000004,XIAO-IMU-2,83:49:4C:A3:DE:DB,3330,2000989,0,0
1215,1.442849635014837,27,0.006588,0.0646062102,XIAO-IMU-2,83:49:4C:A3:DE:DB,3330,2000989,0,0
1216,1.4440371655786353,5,0.00122,0.011964112999999998,XIAO-IMU-2,83:49:4C:A3:DE:DB,3330,2000989,0,0
1217,1.4452246961424333,18,0.004391999999999999,0.04307080679999999,XIAO-IMU-2,83:49:4C:A3:DE:DB,3330,2000989,0,0
1218,1.4464122267062316,-4,-0.000976,-0.0095712904,XIAO-IMU-2,83:49:4C:A3:DE:DB,3330,2000989,0,0
1219,1.4475997572700299,-2,-0.000488,-0.0047856452,XIAO-IMU-2,83:49:4C:A3:DE:DB,3330,2000989,0,0
1220,1.4487872878338282,12,0.002928,0.028713871199999998,XIAO-IMU-2,83:49:4C:A3:DE:DB,3330,2000989,0,0
1221,1.4499748183976262,-2,-0.000488,-0.0047856452,XIAO-IMU-2,83:49:4C:A3:DE:DB,3330,2000989,0,0
1222,1.4511623489614245,11,0.002684,0.0263210486,XIAO-IMU-2,83:49:4C:A3:DE:DB,3330,2000989,0,0
1223,1.4523498795252228,2,0.000488,0.0047856452,XIAO-IMU-2,83:49:4C:A3:DE:DB,3330,2000989,0,0
1224,1.4535374100890208,9,0.0021959999999999996,0.021535403399999997,XIAO-IMU-2,83:49:4C:A3:DE:DB,3330,2000989,0,0
1225,1.454724940652819,6,0.001464,0.014356935599999999,XIAO-IMU-2,83:49:4C:A3:DE:DB,3330,2000989,0,0
1226,1.4559124712166174,-7,-0.0017079999999999999,-0.0167497582,XIAO-IMU-2,83:49:4C:A3:DE:DB,3330,2000989,0,0
1227,1.4571000017804157,16,0.003904,0.0382851616,XIAO-IMU-2,83:49:4C:A3:DE:DB,3330,2000989,0,0
1228,1.4582875323442137,17,0.004148,0.040677984199999996,XIAO-IMU-2,83:49:4C:A3:DE:DB,3330,2000989,0,0
1229,1.459475062908012,-5,-0.00122,-0.011964112999999998,XIAO-IMU-2,83:49:4C:A3:DE:DB,3330,2000989,0,0
1230,1.4606625934718103,2,0.000488,0.0047856452,XIAO-IMU-2,83:49:4C:A3:DE:DB,3330,2000989,0,0
1231,1.4618501240356085,-6,-0.001464,-0.014356935599999999,XIAO-IMU-2,83:49:4C:A3:DE:DB,3330,2000989,0,0
1232,1.4630376545994066,-11,-0.002684,-0.0263210486,XIAO-IMU-2,83:49:4C:A3:DE:DB,3330,2000989,0,0
1233,1.4642251851632049,6,0.001464,0.014356935599999999,XIAO-IMU-2,83:49:4C:A3:DE:DB,3330,2000989,0,0
1234,1.4654127157270032,-3,-0.000732,-0.007178467799999999,XIAO-IMU-2,83:49:4C:A3:DE:DB,3330,2000989,0,0
1235,1.4666002462908014,-7,-0.0017079999999999999,-0.0167497582,XIAO-IMU-2,83:49:4C:A3:DE:DB,3330,2000989,0,0
1236,1.4677877768545995,-9,-0.0021959999999999996,-0.021535403399999997,XIAO-IMU-2,83:49:4C:A3:DE:DB,3330,2000989,0,0
1237,1.4689753074183978,6,0.001464,0.014356935599999999,XIAO-IMU-2,83:49:4C:A3:DE:DB,3330,2000989,0,0
1238,1.470162837982196,13,0.003172,0.031106693799999998,XIAO-IMU-2,83:49:4C:A3:DE:DB,3330,2000989,0,0
1239,1.4713503685459943,9,0.0021959999999999996,0.021535403399999997,XIAO-IMU-2,83:49:4C:A3:DE:DB,3330,2000989,0,0
1240,1.4725378991097924,26,0.006344,0.062213387599999996,XIAO-IMU-2,83:49:4C:A3:DE:DB,3330,2000989,0,0
1241,1.4737254296735907,8,0.001952,0.0191425808,XIAO-IMU-2,83:49:4C:A3:DE:DB,3330,2000989,0,0
1242,1.474912960237389,5,0.00122,0.011964112999999998,XIAO-IMU-2,83:49:4C:A3:DE:DB,3330,2000989,0,0
1243,1.476100490801187,4,0.000976,0.0095712904,XIAO-IMU-2,83:49:4C:A3:DE:DB,3330,2000989,0,0
1244,1.4772880213649853,11,0.002684,0.0263210486,XIAO-IMU-2,83:49:4C:A3:DE:DB,3330,2000989,0,0
1245,1.4784755519287835,0,0.0,0.0,XIAO-IMU-2,83:49:4C:A3:DE:DB,3330,2000989,0,0
1246,1.4796630824925818,8,0.001952,0.0191425808,XIAO-IMU-2,83:49:4C:A3:DE:DB,3330,2000989,0,0
1247,1.4808506130563799,13,0.003172,0.031106693799999998,XIAO-IMU-2,83:49:4C:A3:DE:DB,3330,2000989,0,0
1248,1.4820381436201782,-3,-0.000732,-0.007178467799999999,XIAO-IMU-2,83:49:4C:A3:DE:DB,3330,2000989,0,0
1249,1.4832256741839764,10,0.00244,0.023928225999999997,XIAO-IMU-2,83:49:4C:A3:DE:DB,3330,2000989,0,0
1250,1.4844132047477747,13,0.003172,0.031106693799999998,XIAO-IMU-2,83:49:4C:A3:DE:DB,3330,2000989,0,0
1251,1.4856007353115728,-1,-0.000244,-0.0023928226,XIAO-IMU-2,83:49:4C:A3:DE:DB,3330,2000989,0,0
1252,1.486788265875371,-2,-0.000488,-0.0047856452,XIAO-IMU-2,83:49:4C:A3:DE:DB,3330,2000989,0,0
1253,1.4879757964391693,6,0.001464,0.014356935599999999,XIAO-IMU-2,83:49:4C:A3:DE:DB,3330,2000989,0,0
1254,1.4891633270029676,5,0.00122,0.011964112999999998,XIAO-IMU-2,83:49:4C:A3:DE:DB,3330,2000989,0,0
1255,1.4903508575667657,-3,-0.000732,-0.007178467799999999,XIAO-IMU-2,83:49:4C:A3:DE:DB,3330,2000989,0,0
1256,1.491538388130564,1,0.000244,0.0023928226,XIAO-IMU-2,83:49:4C:A3:DE:DB,3330,2000989,0,0
1257,1.4927259186943622,-5,-0.00122,-0.011964112999999998,XIAO-IMU-2,83:49:4C:A3:DE:DB,3330,2000989,0,0
1258,1.4939134492581605,-6,-0.001464,-0.014356935599999999,XIAO-IMU-2,83:49:4C:A3:DE:DB,3330,2000989,0,0
1259,1.4951009798219586,7,0.0017079999999999999,0.0167497582,XIAO-IMU-2,83:49:4C:A3:DE:DB,3330,2000989,0,0
1260,1.4962885103857568,3,0.000732,0.007178467799999999,XIAO-IMU-2,83:49:4C:A3:DE:DB,3330,2000989,0,0
1261,1.497476040949555,9,0.0021959999999999996,0.021535403399999997,XIAO-IMU-2,83:49:4C:A3:DE:DB,3330,2000989,0,0
1262,1.4986635715133532,8,0.001952,0.0191425808,XIAO-IMU-2,83:49:4C:A3:DE:DB,3330,2000989,0,0
1263,1.4998511020771514,-2,-0.000488,-0.0047856452,XIAO-IMU-2,83:49:4C:A3:DE:DB,3330,2000989,0,0
1264,1.5010386326409497,2,0.000488,0.0047856452,XIAO-IMU-2,83:49:4C:A3:DE:DB,3330,2000989,0,0
1265,1.502226163204748,15,0.00366,0.035892338999999995,XIAO-IMU-2,83:49:4C:A3:DE:DB,3330,2000989,0,0
1266,1.503413693768546,0,0.0,0.0,XIAO-IMU-2,83:49:4C:A3:DE:DB,3330,2000989,0,0
1267,1.5046012243323443,3,0.000732,0.007178467799999999,XIAO-IMU-2,83:49:4C:A3:DE:DB,3330,2000989,0,0
1268,1.5057887548961426,-9,-0.0021959999999999996,-0.021535403399999997,XIAO-IMU-2,83:49:4C:A3:DE:DB,3330,2000989,0,0
1269,1.506976285459941,-18,-0.004391999999999999,-0.04307080679999999,XIAO-IMU-2,83:49:4C:A3:DE:DB,3330,2000989,0,0
1270,1.508163816023739,13,0.003172,0.031106693799999998,XIAO-IMU-2,83:49:4C:A3:DE:DB,3330,2000989,0,0
1271,1.5093513465875372,1,0.000244,0.0023928226,XIAO-IMU-2,83:49:4C:A3:DE:DB,3330,2000989,0,0
1272,1.5105388771513355,-13,-0.003172,-0.031106693799999998,XIAO-IMU-2,83:49:4C:A3:DE:DB,3330,2000989,0,0
1273,1.5117264077151338,14,0.0034159999999999998,0.0334995164,XIAO-IMU-2,83:49:4C:A3:DE:DB,3330,2000989,0,0
1274,1.5129139382789318,4,0.000976,0.0095712904,XIAO-IMU-2,83:49:4C:A3:DE:DB,3330,2000989,0,0
1275,1.5141014688427301,-2,-0.000488,-0.0047856452,XIAO-IMU-2,83:49:4C:A3:DE:DB,3330,2000989,0,0
1276,1.5152889994065284,6,0.001464,0.014356935599999999,XIAO-IMU-2,83:49:4C:A3:DE:DB,3330,2000989,0,0
1277,1.5164765299703267,12,0.002928,0.028713871199999998,XIAO-IMU-2,83:49:4C:A3:DE:DB,3330,2000989,0,0
1278,1.5176640605341247,8,0.001952,0.0191425808,XIAO-IMU-2,83:49:4C:A3:DE:DB,3330,2000989,0,0
1279,1.518851591097923,-5,-0.00122,-0.011964112999999998,XIAO-IMU-2,83:49:4C:A3:DE:DB,3330,2000989,0,0
1280,1.5200391216617213,-22,-0.005368,-0.0526420972,XIAO-IMU-2,83:49:4C:A3:DE:DB,3330,2000989,0,0
1281,1.5212266522255193,-18,-0.004391999999999999,-0.04307080679999999,XIAO-IMU-2,83:49:4C:A3:DE:DB,3330,2000989,0,0
1282,1.5224141827893176,-1,-0.000244,-0.0023928226,XIAO-IMU-2,83:49:4C:A3:DE:DB,3330,2000989,0,0
1283,1.523601713353116,0,0.0,0.0,XIAO-IMU-2,83:49:4C:A3:DE:DB,3330,2000989,0,0
1284,1.5247892439169142,-11,-0.002684,-0.0263210486,XIAO-IMU-2,83:49:4C:A3:DE:DB,3330,2000989,0,0
1285,1.5259767744807122,5,0.00122,0.011964112999999998,XIAO-IMU-2,83:49:4C:A3:DE:DB,3330,2000989,0,0
1286,1.5271643050445105,-4,-0.000976,-0.0095712904,XIAO-IMU-2,83:49:4C:A3:DE:DB,3330,2000989,0,0
1287,1.5283518356083088,4,0.000976,0.0095712904,XIAO-IMU-2,83:49:4C:A3:DE:DB,3330,2000989,0,0
1288,1.529539366172107,-6,-0.001464,-0.014356935599999999,XIAO-IMU-2,83:49:4C:A3:DE:DB,3330,2000989,0,0
1289,1.5307268967359051,-8,-0.001952,-0.0191425808,XIAO-IMU-2,83:49:4C:A3:DE:DB,3330,2000989,0,0
1290,1.5319144272997034,-9,-0.0021959999999999996,-0.021535403399999997,XIAO-IMU-2,83:49:4C:A3:DE:DB,3330,2000989,0,0
1291,1.5331019578635017,7,0.0017079999999999999,0.0167497582,XIAO-IMU-2,83:49:4C:A3:DE:DB,3330,2000989,0,0
1292,1.5342894884273,-2,-0.000488,-0.0047856452,XIAO-IMU-2,83:49:4C:A3:DE:DB,3330,2000989,0,0
1293,1.535477018991098,24,0.005856,0.057427742399999995,XIAO-IMU-2,83:49:4C:A3:DE:DB,3330,2000989,0,0
1294,1.5366645495548963,16,0.003904,0.0382851616,XIAO-IMU-2,83:49:4C:A3:DE:DB,3330,2000989,0,0
1295,1.5378520801186946,-2,-0.000488,-0.0047856452,XIAO-IMU-2,83:49:4C:A3:DE:DB,3330,2000989,0,0
1296,1.5390396106824928,-1,-0.000244,-0.0023928226,XIAO-IMU-2,83:49:4C:A3:DE:DB,3330,2000989,0,0
1297,1.540227141246291,-4,-0.000976,-0.0095712904,XIAO-IMU-2,83:49:4C:A3:DE:DB,3330,2000989,0,0
1298,1.5414146718100892,13,0.003172,0.031106693799999998,XIAO-IMU-2,83:49:4C:A3:DE:DB,3330,2000989,0,0
1299,1.5426022023738875,8,0.001952,0.0191425808,XIAO-IMU-2,83:49:4C:A3:DE:DB,3330,2000989,0,0
1300,1.5437897329376855,5,0.00122,0.011964112999999998,XIAO-IMU-2,83:49:4C:A3:DE:DB,3330,2000989,0,0
1301,1.5449772635014838,20,0.00488,0.047856451999999994,XIAO-IMU-2,83:49:4C:A3:DE:DB,3330,2000989,0,0
1302,1.546164794065282,2,0.000488,0.0047856452,XIAO-IMU-2,83:49:4C:A3:DE:DB,3330,2000989,0,0
1303,1.5473523246290803,-6,-0.001464,-0.014356935599999999,XIAO-IMU-2,83:49:4C:A3:DE:DB,3330,2000989,0,0
1304,1.5485398551928784,-6,-0.001464,-0.014356935599999999,XIAO-IMU-2,83:49:4C:A3:DE:DB,3330,2000989,0,0
1305,1.5497273857566767,0,0.0,0.0,XIAO-IMU-2,83:49:4C:A3:DE:DB,3330,2000989,0,0
1306,1.550914916320475,29,0.007076,0.0693918554,XIAO-IMU-2,83:49:4C:A3:DE:DB,3330,2000989,0,0
1307,1.5521024468842732,-8,-0.001952,-0.0191425808,XIAO-IMU-2,83:49:4C:A3:DE:DB,3330,2000989,0,0
1308,1.5532899774480713,25,0.0060999999999999995,0.05982056499999999,XIAO-IMU-2,83:49:4C:A3:DE:DB,3330,2000989,0,0
1309,1.5544775080118696,12,0.002928,0.028713871199999998,XIAO-IMU-2,83:49:4C:A3:DE:DB,3330,2000989,0,0
1310,1.5556650385756678,-8,-0.001952,-0.0191425808,XIAO-IMU-2,83:49:4C:A3:DE:DB,3330,2000989,0,0
1311,1.5568525691394661,-10,-0.00244,-0.023928225999999997,XIAO-IMU-2,83:49:4C:A3:DE:DB,3330,2000989,0,0
1312,1.5580400997032642,-8,-0.001952,-0.0191425808,XIAO-IMU-2,83:49:4C:A3:DE:DB,3330,2000989,0,0
1313,1.5592276302670625,-6,-0.001464,-0.014356935599999999,XIAO-IMU-2,83:49:4C:A3:DE:DB,3330,2000989,0,0
1314,1.5604151608308607,6,0.001464,0.014356935599999999,XIAO-IMU-2,83:49:4C:A3:DE:DB,3330,2000989,0,0
1315,1.561602691394659,7,0.0017079999999999999,0.0167497582,XIAO-IMU-2,83:49:4C:A3:DE:DB,3330,2000989,0,0
1316,1.562790221958457,17,0.004148,0.040677984199999996,XIAO-IMU-2,83:49:4C:A3:DE:DB,3330,2000989,0,0
1317,1.5639777525222553,8,0.001952,0.0191425808,XIAO-IMU-2,83:49:4C:A3:DE:DB,3330,2000989,0,0
1318,1.5651652830860536,9,0.0021959999999999996,0.021535403399999997,XIAO-IMU-2,83:49:4C:A3:DE:DB,3330,2000989,0,0
1319,1.566352813649852,0,0.0,0.0,XIAO-IMU-2,83:49:4C:A3:DE:DB,3330,2000989,0,0
1320,1.56754034421365,-6,-0.001464,-0.014356935599999999,XIAO-IMU-2,83:49:4C:A3:DE:DB,3330,2000989,0,0
1321,1.5687278747774482,6,0.001464,0.014356935599999999,XIAO-IMU-2,83:49:4C:A3:DE:DB,3330,2000989,0,0
1322,1.5699154053412465,27,0.006588,0.0646062102,XIAO-IMU-2,83:49:4C:A3:DE:DB,3330,2000989,0,0
1323,1.5711029359050446,-11,-0.002684,-0.0263210486,XIAO-IMU-2,83:49:4C:A3:DE:DB,3330,2000989,0,0
1324,1.5722904664688429,-5,-0.00122,-0.011964112999999998,XIAO-IMU-2,83:49:4C:A3:DE:DB,3330,2000989,0,0
1325,1.5734779970326411,5,0.00122,0.011964112999999998,XIAO-IMU-2,83:49:4C:A3:DE:DB,3330,2000989,0,0
1326,1.5746655275964394,13,0.003172,0.031106693799999998,XIAO-IMU-2,83:49:4C:A3:DE:DB,3330,2000989,0,0
1327,1.5758530581602375,-8,-0.001952,-0.0191425808,XIAO-IMU-2,83:49:4C:A3:DE:DB,3330,2000989,0,0
1328,1.5770405887240357,4,0.000976,0.0095712904,XIAO-IMU-2,83:49:4C:A3:DE:DB,3330,2000989,0,0
1329,1.578228119287834,0,0.0,0.0,XIAO-IMU-2,83:49:4C:A3:DE:DB,3330,2000989,0,0
1330,1.5794156498516323,1,0.000244,0.0023928226,XIAO-IMU-2,83:49:4C:A3:DE:DB,3330,2000989,0,0
1331,1.5806031804154304,15,0.00366,0.035892338999999995,XIAO-IMU-2,83:49:4C:A3:DE:DB,3330,2000989,0,0
1332,1.5817907109792286,-10,-0.00244,-0.023928225999999997,XIAO-IMU-2,83:49:4C:A3:DE:DB,3330,2000989,0,0
1333,1.582978241543027,5,0.00122,0.011964112999999998,XIAO-IMU-2,83:49:4C:A3:DE:DB,3330,2000989,0,0
1334,1.5841657721068252,-4,-0.000976,-0.0095712904,XIAO-IMU-2,83:49:4C:A3:DE:DB,3330,2000989,0,0
1335,1.5853533026706232,3,0.000732,0.007178467799999999,XIAO-IMU-2,83:49:4C:A3:DE:DB,3330,2000989,0,0
1336,1.5865408332344215,10,0.00244,0.023928225999999997,XIAO-IMU-2,83:49:4C:A3:DE:DB,3330,2000989,0,0
1337,1.5877283637982198,3,0.000732,0.007178467799999999,XIAO-IMU-2,83:49:4C:A3:DE:DB,3330,2000989,0,0
1338,1.588915894362018,6,0.001464,0.014356935599999999,XIAO-IMU-2,83:49:4C:A3:DE:DB,3330,2000989,0,0
1339,1.5901034249258161,7,0.0017079999999999999,0.0167497582,XIAO-IMU-2,83:49:4C:A3:DE:DB,3330,2000989,0,0
1340,1.5912909554896144,11,0.002684,0.0263210486,XIAO-IMU-2,83:49:4C:A3:DE:DB,3330,2000989,0,0
1341,1.5924784860534127,-2,-0.000488,-0.0047856452,XIAO-IMU-2,83:49:4C:A3:DE:DB,3330,2000989,0,0
1342,1.5936660166172107,15,0.00366,0.035892338999999995,XIAO-IMU-2,83:49:4C:A3:DE:DB,3330,2000989,0,0
1343,1.594853547181009,7,0.0017079999999999999,0.0167497582,XIAO-IMU-2,83:49:4C:A3:DE:DB,3330,2000989,0,0
1344,1.5960410777448073,11,0.002684,0.0263210486,XIAO-IMU-2,83:49:4C:A3:DE:DB,3330,2000989,0,0
1345,1.5972286083086056,5,0.00122,0.011964112999999998,XIAO-IMU-2,83:49:4C:A3:DE:DB,3330,2000989,0,0
1346,1.5984161388724036,1,0.000244,0.0023928226,XIAO-IMU-2,83:49:4C:A3:DE:DB,3330,2000989,0,0
1347,1.599603669436202,10,0.00244,0.023928225999999997,XIAO-IMU-2,83:49:4C:A3:DE:DB,3330,2000989,0,0
1348,1.6007912000000002,2,0.000488,0.0047856452,XIAO-IMU-2,83:49:4C:A3:DE:DB,3330,2000989,0,0
1349,1.6019787305637985,-28,-0.0068319999999999995,-0.0669990328,XIAO-IMU-2,83:49:4C:A3:DE:DB,3330,2000989,0,0
1350,1.6031662611275965,4,0.000976,0.0095712904,XIAO-IMU-2,83:49:4C:A3:DE:DB,3330,2000989,0,0
1351,1.6043537916913948,-14,-0.0034159999999999998,-0.0334995164,XIAO-IMU-2,83:49:4C:A3:DE:DB,3330,2000989,0,0
1352,1.605541322255193,-2,-0.000488,-0.0047856452,XIAO-IMU-2,83:49:4C:A3:DE:DB,3330,2000989,0,0
1353,1.6067288528189914,-4,-0.000976,-0.0095712904,XIAO-IMU-2,83:49:4C:A3:DE:DB,3330,2000989,0,0
1354,1.6079163833827894,-4,-0.000976,-0.0095712904,XIAO-IMU-2,83:49:4C:A3:DE:DB,3330,2000989,0,0
1355,1.6091039139465877,2,0.000488,0.0047856452,XIAO-IMU-2,83:49:4C:A3:DE:DB,3330,2000989,0,0
1356,1.610291444510386,-9,-0.0021959999999999996,-0.021535403399999997,XIAO-IMU-2,83:49:4C:A3:DE:DB,3330,2000989,0,0
1357,1.6114789750741843,-12,-0.002928,-0.028713871199999998,XIAO-IMU-2,83:49:4C:A3:DE:DB,3330,2000989,0,0
1358,1.6126665056379823,21,0.005124,0.0502492746,XIAO-IMU-2,83:49:4C:A3:DE:DB,3330,2000989,0,0
1359,1.6138540362017806,22,0.005368,0.0526420972,XIAO-IMU-2,83:49:4C:A3:DE:DB,3330,2000989,0,0
1360,1.6150415667655789,2,0.000488,0.0047856452,XIAO-IMU-2,83:49:4C:A3:DE:DB,3330,2000989,0,0
1361,1.616229097329377,-2,-0.000488,-0.0047856452,XIAO-IMU-2,83:49:4C:A3:DE:DB,3330,2000989,0,0
1362,1.6174166278931752,17,0.004148,0.040677984199999996,XIAO-IMU-2,83:49:4C:A3:DE:DB,3330,2000989,0,0
1363,1.6186041584569735,-3,-0.000732,-0.007178467799999999,XIAO-IMU-2,83:49:4C:A3:DE:DB,3330,2000989,0,0
1364,1.6197916890207718,1,0.000244,0.0023928226,XIAO-IMU-2,83:49:4C:A3:DE:DB,3330,2000989,0,0
1365,1.6209792195845698,5,0.00122,0.011964112999999998,XIAO-IMU-2,83:49:4C:A3:DE:DB,3330,2000989,0,0
1366,1.622166750148368,-8,-0.001952,-0.0191425808,XIAO-IMU-2,83:49:4C:A3:DE:DB,3330,2000989,0,0
1367,1.6233542807121664,-6,-0.001464,-0.014356935599999999,XIAO-IMU-2,83:49:4C:A3:DE:DB,3330,2000989,0,0
1368,1.6245418112759646,9,0.0021959999999999996,0.021535403399999997,XIAO-IMU-2,83:49:4C:A3:DE:DB,3330,2000989,0,0
1369,1.6257293418397627,9,0.0021959999999999996,0.021535403399999997,XIAO-IMU-2,83:49:4C:A3:DE:DB,3330,2000989,0,0
1370,1.626916872403561,3,0.000732,0.007178467799999999,XIAO-IMU-2,83:49:4C:A3:DE:DB,3330,2000989,0,0
1371,1.6281044029673593,-15,-0.00366,-0.035892338999999995,XIAO-IMU-2,83:49:4C:A3:DE:DB,3330,2000989,0,0
1372,1.6292919335311575,11,0.002684,0.0263210486,XIAO-IMU-2,83:49:4C:A3:DE:DB,3330,2000989,0,0
1373,1.6304794640949556,-5,-0.00122,-0.011964112999999998,XIAO-IMU-2,83:49:4C:A3:DE:DB,3330,2000989,0,0
1374,1.6316669946587539,8,0.001952,0.0191425808,XIAO-IMU-2,83:49:4C:A3:DE:DB,3330,2000989,0,0
1375,1.6328545252225521,1,0.000244,0.0023928226,XIAO-IMU-2,83:49:4C:A3:DE:DB,3330,2000989,0,0
1376,1.6340420557863504,13,0.003172,0.031106693799999998,XIAO-IMU-2,83:49:4C:A3:DE:DB,3330,2000989,0,0
1377,1.6352295863501485,5,0.00122,0.011964112999999998,XIAO-IMU-2,83:49:4C:A3:DE:DB,3330,2000989,0,0
1378,1.6364171169139468,1,0.000244,0.0023928226,XIAO-IMU-2,83:49:4C:A3:DE:DB,3330,2000989,0,0
1379,1.637604647477745,-6,-0.001464,-0.014356935599999999,XIAO-IMU-2,83:49:4C:A3:DE:DB,3330,2000989,0,0
1380,1.638792178041543,3,0.000732,0.007178467799999999,XIAO-IMU-2,83:49:4C:A3:DE:DB,3330,2000989,0,0
1381,1.6399797086053414,3,0.000732,0.007178467799999999,XIAO-IMU-2,83:49:4C:A3:DE:DB,3330,2000989,0,0
1382,1.6411672391691396,12,0.002928,0.028713871199999998,XIAO-IMU-2,83:49:4C:A3:DE:DB,3330,2000989,0,0
1383,1.642354769732938,20,0.00488,0.047856451999999994,XIAO-IMU-2,83:49:4C:A3:DE:DB,3330,2000989,0,0
1384,1.643542300296736,-3,-0.000732,-0.007178467799999999,XIAO-IMU-2,83:49:4C:A3:DE:DB,3330,2000989,0,0
1385,1.6447298308605343,19,0.004636,0.045463629400000004,XIAO-IMU-2,83:49:4C:A3:DE:DB,3330,2000989,0,0
1386,1.6459173614243325,13,0.003172,0.031106693799999998,XIAO-IMU-2,83:49:4C:A3:DE:DB,3330,2000989,0,0
1387,1.6471048919881308,-2,-0.000488,-0.0047856452,XIAO-IMU-2,83:49:4C:A3:DE:DB,3330,2000989,0,0
1388,1.6482924225519289,-2,-0.000488,-0.0047856452,XIAO-IMU-2,83:49:4C:A3:DE:DB,3330,2000989,0,0
1389,1.6494799531157271,8,0.001952,0.0191425808,XIAO-IMU-2,83:49:4C:A3:DE:DB,3330,2000989,0,0
1390,1.6506674836795254,-8,-0.001952,-0.0191425808,XIAO-IMU-2,83:49:4C:A3:DE:DB,3330,2000989,0,0
1391,1.6518550142433237,2,0.000488,0.0047856452,XIAO-IMU-2,83:49:4C:A3:DE:DB,3330,2000989,0,0
1392,1.6530425448071218,2,0.000488,0.0047856452,XIAO-IMU-2,83:49:4C:A3:DE:DB,3330,2000989,0,0
1393,1.65423007537092,17,0.004148,0.040677984199999996,XIAO-IMU-2,83:49:4C:A3:DE:DB,3330,2000989,0,0
1394,1.6554176059347183,16,0.003904,0.0382851616,XIAO-IMU-2,83:49:4C:A3:DE:DB,3330,2000989,0,0
1395,1.6566051364985166,22,0.005368,0.0526420972,XIAO-IMU-2,83:49:4C:A3:DE:DB,3330,2000989,0,0
1396,1.6577926670623147,-1,-0.000244,-0.0023928226,XIAO-IMU-2,83:49:4C:A3:DE:DB,3330,2000989,0,0
1397,1.658980197626113,19,0.004636,0.045463629400000004,XIAO-IMU-2,83:49:4C:A3:DE:DB,3330,2000989,0,0
1398,1.6601677281899112,-7,-0.0017079999999999999,-0.0167497582,XIAO-IMU-2,83:49:4C:A3:DE:DB,3330,2000989,0,0
1399,1.6613552587537093,-5,-0.00122,-0.011964112999999998,XIAO-IMU-2,83:49:4C:A3:DE:DB,3330,2000989,0,0
1400,1.6625427893175075,3,0.000732,0.007178467799999999,XIAO-IMU-2,83:49:4C:A3:DE:DB,3330,2000989,0,0
1401,1.6637303198813058,8,0.001952,0.0191425808,XIAO-IMU-2,83:49:4C:A3:DE:DB,3330,2000989,0,0
1402,1.664917850445104,2,0.000488,0.0047856452,XIAO-IMU-2,83:49:4C:A3:DE:DB,3330,2000989,0,0
1403,1.6661053810089022,-1,-0.000244,-0.0023928226,XIAO-IMU-2,83:49:4C:A3:DE:DB,3330,2000989,0,0
1404,1.6672929115727004,11,0.002684,0.0263210486,XIAO-IMU-2,83:49:4C:A3:DE:DB,3330,2000989,0,0
1405,1.6684804421364987,-3,-0.000732,-0.007178467799999999,XIAO-IMU-2,83:49:4C:A3:DE:DB,3330,2000989,0,0
1406,1.669667972700297,-8,-0.001952,-0.0191425808,XIAO-IMU-2,83:49:4C:A3:DE:DB,3330,2000989,0,0
1407,1.670855503264095,-17,-0.004148,-0.040677984199999996,XIAO-IMU-2,83:49:4C:A3:DE:DB,3330,2000989,0,0
1408,1.6720430338278933,-7,-0.0017079999999999999,-0.0167497582,XIAO-IMU-2,83:49:4C:A3:DE:DB,3330,2000989,0,0
1409,1.6732305643916916,16,0.003904,0.0382851616,XIAO-IMU-2,83:49:4C:A3:DE:DB,3330,2000989,0,0
1410,1.6744180949554899,-2,-0.000488,-0.0047856452,XIAO-IMU-2,83:49:4C:A3:DE:DB,3330,2000989,0,0
1411,1.675605625519288,-4,-0.000976,-0.0095712904,XIAO-IMU-2,83:49:4C:A3:DE:DB,3330,2000989,0,0
1412,1.6767931560830862,-9,-0.0021959999999999996,-0.021535403399999997,XIAO-IMU-2,83:49:4C:A3:DE:DB,3330,2000989,0,0
1413,1.6779806866468845,-9,-0.0021959999999999996,-0.021535403399999997,XIAO-IMU-2,83:49:4C:A3:DE:DB,3330,2000989,0,0
1414,1.6791682172106828,-5,-0.00122,-0.011964112999999998,XIAO-IMU-2,83:49:4C:A3:DE:DB,3330,2000989,0,0
1415,1.6803557477744808,23,0.005612,0.05503491979999999,XIAO-IMU-2,83:49:4C:A3:DE:DB,3330,2000989,0,0
1416,1.681543278338279,12,0.002928,0.028713871199999998,XIAO-IMU-2,83:49:4C:A3:DE:DB,3330,2000989,0,0
1417,1.6827308089020774,28,0.0068319999999999995,0.0669990328,XIAO-IMU-2,83:49:4C:A3:DE:DB,3330,2000989,0,0
1418,1.6839183394658754,0,0.0,0.0,XIAO-IMU-2,83:49:4C:A3:DE:DB,3330,2000989,0,0
1419,1.6851058700296737,-12,-0.002928,-0.028713871199999998,XIAO-IMU-2,83:49:4C:A3:DE:DB,3330,2000989,0,0
1420,1.686293400593472,7,0.0017079999999999999,0.0167497582,XIAO-IMU-2,83:49:4C:A3:DE:DB,3330,2000989,0,0
1421,1.6874809311572703,4,0.000976,0.0095712904,XIAO-IMU-2,83:49:4C:A3:DE:DB,3330,2000989,0,0
1422,1.6886684617210683,16,0.003904,0.0382851616,XIAO-IMU-2,83:49:4C:A3:DE:DB,3330,2000989,0,0
1423,1.6898559922848666,8,0.001952,0.0191425808,XIAO-IMU-2,83:49:4C:A3:DE:DB,3330,2000989,0,0
1424,1.6910435228486649,-3,-0.000732,-0.007178467799999999,XIAO-IMU-2,83:49:4C:A3:DE:DB,3330,2000989,0,0
1425,1.6922310534124632,-9,-0.0021959999999999996,-0.021535403399999997,XIAO-IMU-2,83:49:4C:A3:DE:DB,3330,2000989,0,0
1426,1.6934185839762612,10,0.00244,0.023928225999999997,XIAO-IMU-2,83:49:4C:A3:DE:DB,3330,2000989,0,0
1427,1.6946061145400595,0,0.0,0.0,XIAO-IMU-2,83:49:4C:A3:DE:DB,3330,2000989,0,0
1428,1.6957936451038578,3,0.000732,0.007178467799999999,XIAO-IMU-2,83:49:4C:A3:DE:DB,3330,2000989,0,0
1429,1.696981175667656,-5,-0.00122,-0.011964112999999998,XIAO-IMU-2,83:49:4C:A3:DE:DB,3330,2000989,0,0
1430,1.698168706231454,-5,-0.00122,-0.011964112999999998,XIAO-IMU-2,83:49:4C:A3:DE:DB,3330,2000989,0,0
1431,1.6993562367952524,-8,-0.001952,-0.0191425808,XIAO-IMU-2,83:49:4C:A3:DE:DB,3330,2000989,0,0
1432,1.7005437673590507,-1,-0.000244,-0.0023928226,XIAO-IMU-2,83:49:4C:A3:DE:DB,3330,2000989,0,0
1433,1.701731297922849,6,0.001464,0.014356935599999999,XIAO-IMU-2,83:49:4C:A3:DE:DB,3330,2000989,0,0
1434,1.702918828486647,-3,-0.000732,-0.007178467799999999,XIAO-IMU-2,83:49:4C:A3:DE:DB,3330,2000989,0,0
1435,1.7041063590504453,17,0.004148,0.040677984199999996,XIAO-IMU-2,83:49:4C:A3:DE:DB,3330,2000989,0,0
1436,1.7052938896142436,-2,-0.000488,-0.0047856452,XIAO-IMU-2,83:49:4C:A3:DE:DB,3330,2000989,0,0
1437,1.7064814201780418,-2,-0.000488,-0.0047856452,XIAO-IMU-2,83:49:4C:A3:DE:DB,3330,2000989,0,0
1438,1.7076689507418399,7,0.0017079999999999999,0.0167497582,XIAO-IMU-2,83:49:4C:A3:DE:DB,3330,2000989,0,0
1439,1.7088564813056382,-4,-0.000976,-0.0095712904,XIAO-IMU-2,83:49:4C:A3:DE:DB,3330,2000989,0,0
1440,1.7100440118694364,15,0.00366,0.035892338999999995,XIAO-IMU-2,83:49:4C:A3:DE:DB,3330,2000989,0,0
1441,1.7112315424332345,8,0.001952,0.0191425808,XIAO-IMU-2,83:49:4C:A3:DE:DB,3330,2000989,0,0
1442,1.7124190729970328,4,0.000976,0.0095712904,XIAO-IMU-2,83:49:4C:A3:DE:DB,3330,2000989,0,0
1443,1.713606603560831,12,0.002928,0.028713871199999998,XIAO-IMU-2,83:49:4C:A3:DE:DB,3330,2000989,0,0
1444,1.7147941341246293,11,0.002684,0.0263210486,XIAO-IMU-2,83:49:4C:A3:DE:DB,3330,2000989,0,0
1445,1.7159816646884274,-7,-0.0017079999999999999,-0.0167497582,XIAO-IMU-2,83:49:4C:A3:DE:DB,3330,2000989,0,0
1446,1.7171691952522257,3,0.000732,0.007178467799999999,XIAO-IMU-2,83:49:4C:A3:DE:DB,3330,2000989,0,0
1447,1.718356725816024,17,0.004148,0.040677984199999996,XIAO-IMU-2,83:49:4C:A3:DE:DB,3330,2000989,0,0
1448,1.7195442563798222,-2,-0.000488,-0.0047856452,XIAO-IMU-2,83:49:4C:A3:DE:DB,3330,2000989,0,0
1449,1.7207317869436203,-4,-0.000976,-0.0095712904,XIAO-IMU-2,83:49:4C:A3:DE:DB,3330,2000989,0,0
1450,1.7219193175074186,-6,-0.001464,-0.014356935599999999,XIAO-IMU-2,83:49:4C:A3:DE:DB,3330,2000989,0,0
1451,1.7231068480712168,5,0.00122,0.011964112999999998,XIAO-IMU-2,83:49:4C:A3:DE:DB,3330,2000989,0,0
1452,1.7242943786350151,7,0.0017079999999999999,0.0167497582,XIAO-IMU-2,83:49:4C:A3:DE:DB,3330,2000989,0,0
1453,1.7254819091988132,-7,-0.0017079999999999999,-0.0167497582,XIAO-IMU-2,83:49:4C:A3:DE:DB,3330,2000989,0,0
1454,1.7266694397626114,1,0.000244,0.0023928226,XIAO-IMU-2,83:49:4C:A3:DE:DB,3330,2000989,0,0
1455,1.7278569703264097,-8,-0.001952,-0.0191425808,XIAO-IMU-2,83:49:4C:A3:DE:DB,3330,2000989,0,0
1456,1.729044500890208,-2,-0.000488,-0.0047856452,XIAO-IMU-2,83:49:4C:A3:DE:DB,3330,2000989,0,0
1457,1.730232031454006,9,0.0021959999999999996,0.021535403399999997,XIAO-IMU-2,83:49:4C:A3:DE:DB,3330,2000989,0,0
1458,1.7314195620178043,-8,-0.001952,-0.0191425808,XIAO-IMU-2,83:49:4C:A3:DE:DB,3330,2000989,0,0
1459,1.7326070925816026,-18,-0.004391999999999999,-0.04307080679999999,XIAO-IMU-2,83:49:4C:A3:DE:DB,3330,2000989,0,0
1460,1.7337946231454007,17,0.004148,0.040677984199999996,XIAO-IMU-2,83:49:4C:A3:DE:DB,3330,2000989,0,0
1461,1.734982153709199,6,0.001464,0.014356935599999999,XIAO-IMU-2,83:49:4C:A3:DE:DB,3330,2000989,0,0
1462,1.7361696842729972,3,0.000732,0.007178467799999999,XIAO-IMU-2,83:49:4C:A3:DE:DB,3330,2000989,0,0
1463,1.7373572148367955,3,0.000732,0.007178467799999999,XIAO-IMU-2,83:49:4C:A3:DE:DB,3330,2000989,0,0
1464,1.7385447454005936,-11,-0.002684,-0.0263210486,XIAO-IMU-2,83:49:4C:A3:DE:DB,3330,2000989,0,0
1465,1.7397322759643918,12,0.002928,0.028713871199999998,XIAO-IMU-2,83:49:4C:A3:DE:DB,3330,2000989,0,0
1466,1.7409198065281901,5,0.00122,0.011964112999999998,XIAO-IMU-2,83:49:4C:A3:DE:DB,3330,2000989,0,0
1467,1.7421073370919884,3,0.000732,0.007178467799999999,XIAO-IMU-2,83:49:4C:A3:DE:DB,3330,2000989,0,0
1468,1.7432948676557865,-15,-0.00366,-0.035892338999999995,XIAO-IMU-2,83:49:4C:A3:DE:DB,3330,2000989,0,0
1469,1.7444823982195847,8,0.001952,0.0191425808,XIAO-IMU-2,83:49:4C:A3:DE:DB,3330,2000989,0,0
1470,1.745669928783383,-21,-0.005124,-0.0502492746,XIAO-IMU-2,83:49:4C:A3:DE:DB,3330,2000989,0,0
1471,1.7468574593471813,4,0.000976,0.0095712904,XIAO-IMU-2,83:49:4C:A3:DE:DB,3330,2000989,0,0
1472,1.7480449899109793,13,0.003172,0.031106693799999998,XIAO-IMU-2,83:49:4C:A3:DE:DB,3330,2000989,0,0
1473,1.7492325204747776,3,0.000732,0.007178467799999999,XIAO-IMU-2,83:49:4C:A3:DE:DB,3330,2000989,0,0
1474,1.750420051038576,-1,-0.000244,-0.0023928226,XIAO-IMU-2,83:49:4C:A3:DE:DB,3330,2000989,0,0
1475,1.7516075816023742,11,0.002684,0.0263210486,XIAO-IMU-2,83:49:4C:A3:DE:DB,3330,2000989,0,0
1476,1.7527951121661722,-3,-0.000732,-0.007178467799999999,XIAO-IMU-2,83:49:4C:A3:DE:DB,3330,2000989,0,0
1477,1.7539826427299705,6,0.001464,0.014356935599999999,XIAO-IMU-2,83:49:4C:A3:DE:DB,3330,2000989,0,0
1478,1.7551701732937688,5,0.00122,0.011964112999999998,XIAO-IMU-2,83:49:4C:A3:DE:DB,3330,2000989,0,0
1479,1.7563577038575668,7,0.0017079999999999999,0.0167497582,XIAO-IMU-2,83:49:4C:A3:DE:DB,3330,2000989,0,0
1480,1.7575452344213651,0,0.0,0.0,XIAO-IMU-2,83:49:4C:A3:DE:DB,3330,2000989,0,0
1481,1.7587327649851634,21,0.005124,0.0502492746,XIAO-IMU-2,83:49:4C:A3:DE:DB,3330,2000989,0,0
1482,1.7599202955489617,-1,-0.000244,-0.0023928226,XIAO-IMU-2,83:49:4C:A3:DE:DB,3330,2000989,0,0
1483,1.7611078261127597,13,0.003172,0.031106693799999998,XIAO-IMU-2,83:49:4C:A3:DE:DB,3330,2000989,0,0
1484,1.762295356676558,7,0.0017079999999999999,0.0167497582,XIAO-IMU-2,83:49:4C:A3:DE:DB,3330,2000989,0,0
1485,1.7634828872403563,1,0.000244,0.0023928226,XIAO-IMU-2,83:49:4C:A3:DE:DB,3330,2000989,0,0
1486,1.7646704178041546,13,0.003172,0.031106693799999998,XIAO-IMU-2,83:49:4C:A3:DE:DB,3330,2000989,0,0
1487,1.7658579483679526,3,0.000732,0.007178467799999999,XIAO-IMU-2,83:49:4C:A3:DE:DB,3330,2000989,0,0
1488,1.767045478931751,-3,-0.000732,-0.007178467799999999,XIAO-IMU-2,83:49:4C:A3:DE:DB,3330,2000989,0,0
1489,1.7682330094955492,6,0.001464,0.014356935599999999,XIAO-IMU-2,83:49:4C:A3:DE:DB,3330,2000989,0,0
1490,1.7694205400593475,2,0.000488,0.0047856452,XIAO-IMU-2,83:49:4C:A3:DE:DB,3330,2000989,0,0
1491,1.7706080706231455,1,0.000244,0.0023928226,XIAO-IMU-2,83:49:4C:A3:DE:DB,3330,2000989,0,0
1492,1.7717956011869438,-5,-0.00122,-0.011964112999999998,XIAO-IMU-2,83:49:4C:A3:DE:DB,3330,2000989,0,0
1493,1.772983131750742,8,0.001952,0.0191425808,XIAO-IMU-2,83:49:4C:A3:DE:DB,3330,2000989,0,0
1494,1.7741706623145403,-10,-0.00244,-0.023928225999999997,XIAO-IMU-2,83:49:4C:A3:DE:DB,3330,2000989,0,0
1495,1.7753581928783384,1,0.000244,0.0023928226,XIAO-IMU-2,83:49:4C:A3:DE:DB,3330,2000989,0,0
1496,1.7765457234421367,4,0.000976,0.0095712904,XIAO-IMU-2,83:49:4C:A3:DE:DB,3330,2000989,0,0
1497,1.777733254005935,-1,-0.000244,-0.0023928226,XIAO-IMU-2,83:49:4C:A3:DE:DB,3330,2000989,0,0
1498,1.778920784569733,-15,-0.00366,-0.035892338999999995,XIAO-IMU-2,83:49:4C:A3:DE:DB,3330,2000989,0,0
1499,1.7801083151335313,1,0.000244,0.0023928226,XIAO-IMU-2,83:49:4C:A3:DE:DB,3330,2000989,0,0
1500,1.7812958456973296,0,0.0,0.0,XIAO-IMU-2,83:49:4C:A3:DE:DB,3330,2000989,0,0
1501,1.7824833762611278,16,0.003904,0.0382851616,XIAO-IMU-2,83:49:4C:A3:DE:DB,3330,2000989,0,0
1502,1.783670906824926,1,0.000244,0.0023928226,XIAO-IMU-2,83:49:4C:A3:DE:DB,3330,2000989,0,0
1503,1.7848584373887242,5,0.00122,0.011964112999999998,XIAO-IMU-2,83:49:4C:A3:DE:DB,3330,2000989,0,0
1504,1.7860459679525225,-11,-0.002684,-0.0263210486,XIAO-IMU-2,83:49:4C:A3:DE:DB,3330,2000989,0,0
1505,1.7872334985163207,-5,-0.00122,-0.011964112999999998,XIAO-IMU-2,83:49:4C:A3:DE:DB,3330,2000989,0,0
1506,1.7884210290801188,-9,-0.0021959999999999996,-0.021535403399999997,XIAO-IMU-2,83:49:4C:A3:DE:DB,3330,2000989,0,0
1507,1.789608559643917,-1,-0.000244,-0.0023928226,XIAO-IMU-2,83:49:4C:A3:DE:DB,3330,2000989,0,0
1508,1.7907960902077154,1,0.000244,0.0023928226,XIAO-IMU-2,83:49:4C:A3:DE:DB,3330,2000989,0,0
1509,1.7919836207715136,4,0.000976,0.0095712904,XIAO-IMU-2,83:49:4C:A3:DE:DB,3330,2000989,0,0
1510,1.7931711513353117,9,0.0021959999999999996,0.021535403399999997,XIAO-IMU-2,83:49:4C:A3:DE:DB,3330,2000989,0,0
1511,1.79435868189911,7,0.0017079999999999999,0.0167497582,XIAO-IMU-2,83:49:4C:A3:DE:DB,3330,2000989,0,0
1512,1.7955462124629082,-1,-0.000244,-0.0023928226,XIAO-IMU-2,83:49:4C:A3:DE:DB,3330,2000989,0,0
1513,1.7967337430267065,-5,-0.00122,-0.011964112999999998,XIAO-IMU-2,83:49:4C:A3:DE:DB,3330,2000989,0,0
1514,1.7979212735905046,-2,-0.000488,-0.0047856452,XIAO-IMU-2,83:49:4C:A3:DE:DB,3330,2000989,0,0
1515,1.7991088041543029,-14,-0.0034159999999999998,-0.0334995164,XIAO-IMU-2,83:49:4C:A3:DE:DB,3330,2000989,0,0
1516,1.8002963347181011,5,0.00122,0.011964112999999998,XIAO-IMU-2,83:49:4C:A3:DE:DB,3330,2000989,0,0
1517,1.8014838652818992,-6,-0.001464,-0.014356935599999999,XIAO-IMU-2,83:49:4C:A3:DE:DB,3330,2000989,0,0
1518,1.8026713958456975,-3,-0.000732,-0.007178467799999999,XIAO-IMU-2,83:49:4C:A3:DE:DB,3330,2000989,0,0
1519,1.8038589264094957,10,0.00244,0.023928225999999997,XIAO-IMU-2,83:49:4C:A3:DE:DB,3330,2000989,0,0
1520,1.805046456973294,-1,-0.000244,-0.0023928226,XIAO-IMU-2,83:49:4C:A3:DE:DB,3330,2000989,0,0
1521,1.806233987537092,-2,-0.000488,-0.0047856452,XIAO-IMU-2,83:49:4C:A3:DE:DB,3330,2000989,0,0
1522,1.8074215181008904,8,0.001952,0.0191425808,XIAO-IMU-2,83:49:4C:A3:DE:DB,3330,2000989,0,0
1523,1.8086090486646886,1,0.000244,0.0023928226,XIAO-IMU-2,83:49:4C:A3:DE:DB,3330,2000989,0,0
1524,1.809796579228487,-6,-0.001464,-0.014356935599999999,XIAO-IMU-2,83:49:4C:A3:DE:DB,3330,2000989,0,0
1525,1.810984109792285,-9,-0.0021959999999999996,-0.021535403399999997,XIAO-IMU-2,83:49:4C:A3:DE:DB,3330,2000989,0,0
1526,1.8121716403560832,8,0.001952,0.0191425808,XIAO-IMU-2,83:49:4C:A3:DE:DB,3330,2000989,0,0
1527,1.8133591709198815,5,0.00122,0.011964112999999998,XIAO-IMU-2,83:49:4C:A3:DE:DB,3330,2000989,0,0
1528,1.8145467014836798,-10,-0.00244,-0.023928225999999997,XIAO-IMU-2,83:49:4C:A3:DE:DB,3330,2000989,0,0
1529,1.8157342320474779,1,0.000244,0.0023928226,XIAO-IMU-2,83:49:4C:A3:DE:DB,3330,2000989,0,0
1530,1.8169217626112761,18,0.004391999999999999,0.04307080679999999,XIAO-IMU-2,83:49:4C:A3:DE:DB,3330,2000989,0,0
1531,1.8181092931750744,1,0.000244,0.0023928226,XIAO-IMU-2,83:49:4C:A3:DE:DB,3330,2000989,0,0
1532,1.8192968237388727,10,0.00244,0.023928225999999997,XIAO-IMU-2,83:49:4C:A3:DE:DB,3330,2000989,0,0
1533,1.8204843543026707,3,0.000732,0.007178467799999999,XIAO-IMU-2,83:49:4C:A3:DE:DB,3330,2000989,0,0
1534,1.821671884866469,2,0.000488,0.0047856452,XIAO-IMU-2,83:49:4C:A3:DE:DB,3330,2000989,0,0
1535,1.8228594154302673,12,0.002928,0.028713871199999998,XIAO-IMU-2,83:49:4C:A3:DE:DB,3330,2000989,0,0
1536,1.8240469459940654,-6,-0.001464,-0.014356935599999999,XIAO-IMU-2,83:49:4C:A3:DE:DB,3330,2000989,0,0
1537,1.8252344765578636,2,0.000488,0.0047856452,XIAO-IMU-2,83:49:4C:A3:DE:DB,3330,2000989,0,0
1538,1.826422007121662,3,0.000732,0.007178467799999999,XIAO-IMU-2,83:49:4C:A3:DE:DB,3330,2000989,0,0
1539,1.8276095376854602,5,0.00122,0.011964112999999998,XIAO-IMU-2,83:49:4C:A3:DE:DB,3330,2000989,0,0
1540,1.8287970682492583,11,0.002684,0.0263210486,XIAO-IMU-2,83:49:4C:A3:DE:DB,3330,2000989,0,0
1541,1.8299845988130565,9,0.0021959999999999996,0.021535403399999997,XIAO-IMU-2,83:49:4C:A3:DE:DB,3330,2000989,0,0
1542,1.8311721293768548,-7,-0.0017079999999999999,-0.0167497582,XIAO-IMU-2,83:49:4C:A3:DE:DB,3330,2000989,0,0
1543,1.832359659940653,-7,-0.0017079999999999999,-0.0167497582,XIAO-IMU-2,83:49:4C:A3:DE:DB,3330,2000989,0,0
1544,1.8335471905044511,-3,-0.000732,-0.007178467799999999,XIAO-IMU-2,83:49:4C:A3:DE:DB,3330,2000989,0,0
1545,1.8347347210682494,16,0.003904,0.0382851616,XIAO-IMU-2,83:49:4C:A3:DE:DB,3330,2000989,0,0
1546,1.8359222516320477,4,0.000976,0.0095712904,XIAO-IMU-2,83:49:4C:A3:DE:DB,3330,2000989,0,0
1547,1.837109782195846,-1,-0.000244,-0.0023928226,XIAO-IMU-2,83:49:4C:A3:DE:DB,3330,2000989,0,0
1548,1.838297312759644,-10,-0.00244,-0.023928225999999997,XIAO-IMU-2,83:49:4C:A3:DE:DB,3330,2000989,0,0
1549,1.8394848433234423,4,0.000976,0.0095712904,XIAO-IMU-2,83:49:4C:A3:DE:DB,3330,2000989,0,0
1550,1.8406723738872406,14,0.0034159999999999998,0.0334995164,XIAO-IMU-2,83:49:4C:A3:DE:DB,3330,2000989,0,0
1551,1.8418599044510389,4,0.000976,0.0095712904,XIAO-IMU-2,83:49:4C:A3:DE:DB,3330,2000989,0,0
1552,1.843047435014837,12,0.002928,0.028713871199999998,XIAO-IMU-2,83:49:4C:A3:DE:DB,3330,2000989,0,0
1553,1.8442349655786352,19,0.004636,0.045463629400000004,XIAO-IMU-2,83:49:4C:A3:DE:DB,3330,2000989,0,0
1554,1.8454224961424335,-13,-0.003172,-0.031106693799999998,XIAO-IMU-2,83:49:4C:A3:DE:DB,3330,2000989,0,0
1555,1.8466100267062318,6,0.001464,0.014356935599999999,XIAO-IMU-2,83:49:4C:A3:DE:DB,3330,2000989,0,0
1556,1.8477975572700298,10,0.00244,0.023928225999999997,XIAO-IMU-2,83:49:4C:A3:DE:DB,3330,2000989,0,0
1557,1.848985087833828,3,0.000732,0.007178467799999999,XIAO-IMU-2,83:49:4C:A3:DE:DB,3330,2000989,0,0
1558,1.8501726183976264,9,0.0021959999999999996,0.021535403399999997,XIAO-IMU-2,83:49:4C:A3:DE:DB,3330,2000989,0,0
1559,1.8513601489614244,-5,-0.00122,-0.011964112999999998,XIAO-IMU-2,83:49:4C:A3:DE:DB,3330,2000989,0,0
1560,1.8525476795252227,10,0.00244,0.023928225999999997,XIAO-IMU-2,83:49:4C:A3:DE:DB,3330,2000989,0,0
1561,1.853735210089021,-1,-0.000244,-0.0023928226,XIAO-IMU-2,83:49:4C:A3:DE:DB,3330,2000989,0,0
1562,1.8549227406528193,6,0.001464,0.014356935599999999,XIAO-IMU-2,83:49:4C:A3:DE:DB,3330,2000989,0,0
1563,1.8561102712166173,-15,-0.00366,-0.035892338999999995,XIAO-IMU-2,83:49:4C:A3:DE:DB,3330,2000989,0,0
1564,1.8572978017804156,12,0.002928,0.028713871199999998,XIAO-IMU-2,83:49:4C:A3:DE:DB,3330,2000989,0,0
1565,1.8584853323442139,-2,-0.000488,-0.0047856452,XIAO-IMU-2,83:49:4C:A3:DE:DB,3330,2000989,0,0
1566,1.8596728629080121,-8,-0.001952,-0.0191425808,XIAO-IMU-2,83:49:4C:A3:DE:DB,3330,2000989,0,0
1567,1.8608603934718102,-15,-0.00366,-0.035892338999999995,XIAO-IMU-2,83:49:4C:A3:DE:DB,3330,2000989,0,0
1568,1.8620479240356085,-25,-0.0060999999999999995,-0.05982056499999999,XIAO-IMU-2,83:49:4C:A3:DE:DB,3330,2000989,0,0
1569,1.8632354545994068,-15,-0.00366,-0.035892338999999995,XIAO-IMU-2,83:49:4C:A3:DE:DB,3330,2000989,0,0
1570,1.864422985163205,-7,-0.0017079999999999999,-0.0167497582,XIAO-IMU-2,83:49:4C:A3:DE:DB,3330,2000989,0,0
1571,1.865610515727003,-1,-0.000244,-0.0023928226,XIAO-IMU-2,83:49:4C:A3:DE:DB,3330,2000989,0,0
1572,1.8667980462908014,1,0.000244,0.0023928226,XIAO-IMU-2,83:49:4C:A3:DE:DB,3330,2000989,0,0
1573,1.8679855768545996,28,0.0068319999999999995,0.0669990328,XIAO-IMU-2,83:49:4C:A3:DE:DB,3330,2000989,0,0
1574,1.869173107418398,-9,-0.0021959999999999996,-0.021535403399999997,XIAO-IMU-2,83:49:4C:A3:DE:DB,3330,2000989,0,0
1575,1.870360637982196,10,0.00244,0.023928225999999997,XIAO-IMU-2,83:49:4C:A3:DE:DB,3330,2000989,0,0
1576,1.8715481685459943,7,0.0017079999999999999,0.0167497582,XIAO-IMU-2,83:49:4C:A3:DE:DB,3330,2000989,0,0
1577,1.8727356991097925,-11,-0.002684,-0.0263210486,XIAO-IMU-2,83:49:4C:A3:DE:DB,3330,2000989,0,0
1578,1.8739232296735906,14,0.0034159999999999998,0.0334995164,XIAO-IMU-2,83:49:4C:A3:DE:DB,3330,2000989,0,0
1579,1.8751107602373889,12,0.002928,0.028713871199999998,XIAO-IMU-2,83:49:4C:A3:DE:DB,3330,2000989,0,0
1580,1.8762982908011872,2,0.000488,0.0047856452,XIAO-IMU-2,83:49:4C:A3:DE:DB,3330,2000989,0,0
1581,1.8774858213649854,0,0.0,0.0,XIAO-IMU-2,83:49:4C:A3:DE:DB,3330,2000989,0,0
1582,1.8786733519287835,-21,-0.005124,-0.0502492746,XIAO-IMU-2,83:49:4C:A3:DE:DB,3330,2000989,0,0
1583,1.8798608824925818,13,0.003172,0.031106693799999998,XIAO-IMU-2,83:49:4C:A3:DE:DB,3330,2000989,0,0
1584,1.88104841305638,11,0.002684,0.0263210486,XIAO-IMU-2,83:49:4C:A3:DE:DB,3330,2000989,0,0
1585,1.8822359436201783,4,0.000976,0.0095712904,XIAO-IMU-2,83:49:4C:A3:DE:DB,3330,2000989,0,0
1586,1.8834234741839764,-5,-0.00122,-0.011964112999999998,XIAO-IMU-2,83:49:4C:A3:DE:DB,3330,2000989,0,0
1587,1.8846110047477747,9,0.0021959999999999996,0.021535403399999997,XIAO-IMU-2,83:49:4C:A3:DE:DB,3330,2000989,0,0
1588,1.885798535311573,22,0.005368,0.0526420972,XIAO-IMU-2,83:49:4C:A3:DE:DB,3330,2000989,0,0
1589,1.8869860658753712,-1,-0.000244,-0.0023928226,XIAO-IMU-2,83:49:4C:A3:DE:DB,3330,2000989,0,0
1590,1.8881735964391693,5,0.00122,0.011964112999999998,XIAO-IMU-2,83:49:4C:A3:DE:DB,3330,2000989,0,0
1591,1.8893611270029675,-4,-0.000976,-0.0095712904,XIAO-IMU-2,83:49:4C:A3:DE:DB,3330,2000989,0,0
1592,1.8905486575667658,-3,-0.000732,-0.007178467799999999,XIAO-IMU-2,83:49:4C:A3:DE:DB,3330,2000989,0,0
1593,1.891736188130564,7,0.0017079999999999999,0.0167497582,XIAO-IMU-2,83:49:4C:A3:DE:DB,3330,2000989,0,0
1594,1.8929237186943622,12,0.002928,0.028713871199999998,XIAO-IMU-2,83:49:4C:A3:DE:DB,3330,2000989,0,0
1595,1.8941112492581604,4,0.000976,0.0095712904,XIAO-IMU-2,83:49:4C:A3:DE:DB,3330,2000989,0,0
1596,1.8952987798219587,-11,-0.002684,-0.0263210486,XIAO-IMU-2,83:49:4C:A3:DE:DB,3330,2000989,0,0
1597,1.8964863103857568,9,0.0021959999999999996,0.021535403399999997,XIAO-IMU-2,83:49:4C:A3:DE:DB,3330,2000989,0,0
1598,1.897673840949555,-12,-0.002928,-0.028713871199999998,XIAO-IMU-2,83:49:4C:A3:DE:DB,3330,2000989,0,0
1599,1.8988613715133533,17,0.004148,0.040677984199999996,XIAO-IMU-2,83:49:4C:A3:DE:DB,3330,2000989,0,0
1600,1.9000489020771516,-4,-0.000976,-0.0095712904,XIAO-IMU-2,83:49:4C:A3:DE:DB,3330,2000989,0,0
1601,1.9012364326409497,-5,-0.00122,-0.011964112999999998,XIAO-IMU-2,83:49:4C:A3:DE:DB,3330,2000989,0,0
1602,1.902423963204748,-5,-0.00122,-0.011964112999999998,XIAO-IMU-2,83:49:4C:A3:DE:DB,3330,2000989,0,0
1603,1.9036114937685462,5,0.00122,0.011964112999999998,XIAO-IMU-2,83:49:4C:A3:DE:DB,3330,2000989,0,0
1604,1.9047990243323445,-1,-0.000244,-0.0023928226,XIAO-IMU-2,83:49:4C:A3:DE:DB,3330,2000989,0,0
1605,1.9059865548961425,-5,-0.00122,-0.011964112999999998,XIAO-IMU-2,83:49:4C:A3:DE:DB,3330,2000989,0,0
1606,1.9071740854599408,21,0.005124,0.0502492746,XIAO-IMU-2,83:49:4C:A3:DE:DB,3330,2000989,0,0
1607,1.908361616023739,-12,-0.002928,-0.028713871199999998,XIAO-IMU-2,83:49:4C:A3:DE:DB,3330,2000989,0,0
1608,1.9095491465875374,1,0.000244,0.0023928226,XIAO-IMU-2,83:49:4C:A3:DE:DB,3330,2000989,0,0
1609,1.9107366771513354,14,0.0034159999999999998,0.0334995164,XIAO-IMU-2,83:49:4C:A3:DE:DB,3330,2000989,0,0
1610,1.9119242077151337,-16,-0.003904,-0.0382851616,XIAO-IMU-2,83:49:4C:A3:DE:DB,3330,2000989,0,0
1611,1.913111738278932,-7,-0.0017079999999999999,-0.0167497582,XIAO-IMU-2,83:49:4C:A3:DE:DB,3330,2000989,0,0
1612,1.9142992688427303,-13,-0.003172,-0.031106693799999998,XIAO-IMU-2,83:49:4C:A3:DE:DB,3330,2000989,0,0
1613,1.9154867994065283,11,0.002684,0.0263210486,XIAO-IMU-2,83:49:4C:A3:DE:DB,3330,2000989,0,0
1614,1.9166743299703266,-7,-0.0017079999999999999,-0.0167497582,XIAO-IMU-2,83:49:4C:A3:DE:DB,3330,2000989,0,0
1615,1.9178618605341249,-18,-0.004391999999999999,-0.04307080679999999,XIAO-IMU-2,83:49:4C:A3:DE:DB,3330,2000989,0,0
1616,1.919049391097923,-12,-0.002928,-0.028713871199999998,XIAO-IMU-2,83:49:4C:A3:DE:DB,3330,2000989,0,0
1617,1.9202369216617212,-8,-0.001952,-0.0191425808,XIAO-IMU-2,83:49:4C:A3:DE:DB,3330,2000989,0,0
1618,1.9214244522255195,-16,-0.003904,-0.0382851616,XIAO-IMU-2,83:49:4C:A3:DE:DB,3330,2000989,0,0
1619,1.9226119827893178,11,0.002684,0.0263210486,XIAO-IMU-2,83:49:4C:A3:DE:DB,3330,2000989,0,0
1620,1.9237995133531158,10,0.00244,0.023928225999999997,XIAO-IMU-2,83:49:4C:A3:DE:DB,3330,2000989,0,0
1621,1.924987043916914,14,0.0034159999999999998,0.0334995164,XIAO-IMU-2,83:49:4C:A3:DE:DB,3330,2000989,0,0
1622,1.9261745744807124,14,0.0034159999999999998,0.0334995164,XIAO-IMU-2,83:49:4C:A3:DE:DB,3330,2000989,0,0
1623,1.9273621050445107,2,0.000488,0.0047856452,XIAO-IMU-2,83:49:4C:A3:DE:DB,3330,2000989,0,0
1624,1.9285496356083087,6,0.001464,0.014356935599999999,XIAO-IMU-2,83:49:4C:A3:DE:DB,3330,2000989,0,0
1625,1.929737166172107,-10,-0.00244,-0.023928225999999997,XIAO-IMU-2,83:49:4C:A3:DE:DB,3330,2000989,0,0
1626,1.9309246967359053,8,0.001952,0.0191425808,XIAO-IMU-2,83:49:4C:A3:DE:DB,3330,2000989,0,0
1627,1.9321122272997036,-15,-0.00366,-0.035892338999999995,XIAO-IMU-2,83:49:4C:A3:DE:DB,3330,2000989,0,0
1628,1.9332997578635016,2,0.000488,0.0047856452,XIAO-IMU-2,83:49:4C:A3:DE:DB,3330,2000989,0,0
1629,1.9344872884273,0,0.0,0.0,XIAO-IMU-2,83:49:4C:A3:DE:DB,3330,2000989,0,0
1630,1.9356748189910982,1,0.000244,0.0023928226,XIAO-IMU-2,83:49:4C:A3:DE:DB,3330,2000989,0,0
1631,1.9368623495548964,0,0.0,0.0,XIAO-IMU-2,83:49:4C:A3:DE:DB,3330,2000989,0,0
1632,1.9380498801186945,-1,-0.000244,-0.0023928226,XIAO-IMU-2,83:49:4C:A3:DE:DB,3330,2000989,0,0
1633,1.9392374106824928,2,0.000488,0.0047856452,XIAO-IMU-2,83:49:4C:A3:DE:DB,3330,2000989,0,0
1634,1.940424941246291,13,0.003172,0.031106693799999998,XIAO-IMU-2,83:49:4C:A3:DE:DB,3330,2000989,0,0
1635,1.9416124718100891,12,0.002928,0.028713871199999998,XIAO-IMU-2,83:49:4C:A3:DE:DB,3330,2000989,0,0
1636,1.9428000023738874,1,0.000244,0.0023928226,XIAO-IMU-2,83:49:4C:A3:DE:DB,3330,2000989,0,0
1637,1.9439875329376857,-14,-0.0034159999999999998,-0.0334995164,XIAO-IMU-2,83:49:4C:A3:DE:DB,3330,2000989,0,0
1638,1.945175063501484,-20,-0.00488,-0.047856451999999994,XIAO-IMU-2,83:49:4C:A3:DE:DB,3330,2000989,0,0
1639,1.946362594065282,8,0.001952,0.0191425808,XIAO-IMU-2,83:49:4C:A3:DE:DB,3330,2000989,0,0
1640,1.9475501246290803,-12,-0.002928,-0.028713871199999998,XIAO-IMU-2,83:49:4C:A3:DE:DB,3330,2000989,0,0
1641,1.9487376551928786,-15,-0.00366,-0.035892338999999995,XIAO-IMU-2,83:49:4C:A3:DE:DB,3330,2000989,0,0
1642,1.9499251857566768,28,0.0068319999999999995,0.0669990328,XIAO-IMU-2,83:49:4C:A3:DE:DB,3330,2000989,0,0
1643,1.951112716320475,5,0.00122,0.011964112999999998,XIAO-IMU-2,83:49:4C:A3:DE:DB,3330,2000989,0,0
1644,1.9523002468842732,16,0.003904,0.0382851616,XIAO-IMU-2,83:49:4C:A3:DE:DB,3330,2000989,0,0
1645,1.9534877774480714,13,0.003172,0.031106693799999998,XIAO-IMU-2,83:49:4C:A3:DE:DB,3330,2000989,0,0
1646,1.9546753080118697,0,0.0,0.0,XIAO-IMU-2,83:49:4C:A3:DE:DB,3330,2000989,0,0
1647,1.9558628385756678,-1,-0.000244,-0.0023928226,XIAO-IMU-2,83:49:4C:A3:DE:DB,3330,2000989,0,0
1648,1.957050369139466,12,0.002928,0.028713871199999998,XIAO-IMU-2,83:49:4C:A3:DE:DB,3330,2000989,0,0
1649,1.9582378997032643,10,0.00244,0.023928225999999997,XIAO-IMU-2,83:49:4C:A3:DE:DB,3330,2000989,0,0
1650,1.9594254302670626,17,0.004148,0.040677984199999996,XIAO-IMU-2,83:49:4C:A3:DE:DB,3330,2000989,0,0
1651,1.9606129608308607,1,0.000244,0.0023928226,XIAO-IMU-2,83:49:4C:A3:DE:DB,3330,2000989,0,0
1652,1.961800491394659,21,0.005124,0.0502492746,XIAO-IMU-2,83:49:4C:A3:DE:DB,3330,2000989,0,0
1653,1.9629880219584572,-6,-0.001464,-0.014356935599999999,XIAO-IMU-2,83:49:4C:A3:DE:DB,3330,2000989,0,0
1654,1.9641755525222555,12,0.002928,0.028713871199999998,XIAO-IMU-2,83:49:4C:A3:DE:DB,3330,2000989,0,0
1655,1.9653630830860536,-7,-0.0017079999999999999,-0.0167497582,XIAO-IMU-2,83:49:4C:A3:DE:DB,3330,2000989,0,0
1656,1.9665506136498518,-12,-0.002928,-0.028713871199999998,XIAO-IMU-2,83:49:4C:A3:DE:DB,3330,2000989,0,0
1657,1.9677381442136501,-10,-0.00244,-0.023928225999999997,XIAO-IMU-2,83:49:4C:A3:DE:DB,3330,2000989,0,0
1658,1.9689256747774482,-5,-0.00122,-0.011964112999999998,XIAO-IMU-2,83:49:4C:A3:DE:DB,3330,2000989,0,0
1659,1.9701132053412465,-4,-0.000976,-0.0095712904,XIAO-IMU-2,83:49:4C:A3:DE:DB,3330,2000989,0,0
1660,1.9713007359050447,6,0.001464,0.014356935599999999,XIAO-IMU-2,83:49:4C:A3:DE:DB,3330,2000989,0,0
1661,1.972488266468843,3,0.000732,0.007178467799999999,XIAO-IMU-2,83:49:4C:A3:DE:DB,3330,2000989,0,0
1662,1.973675797032641,13,0.003172,0.031106693799999998,XIAO-IMU-2,83:49:4C:A3:DE:DB,3330,2000989,0,0
1663,1.9748633275964393,-1,-0.000244,-0.0023928226,XIAO-IMU-2,83:49:4C:A3:DE:DB,3330,2000989,0,0
1664,1.9760508581602376,2,0.000488,0.0047856452,XIAO-IMU-2,83:49:4C:A3:DE:DB,3330,2000989,0,0
1665,1.977238388724036,-5,-0.00122,-0.011964112999999998,XIAO-IMU-2,83:49:4C:A3:DE:DB,3330,2000989,0,0
1666,1.978425919287834,-5,-0.00122,-0.011964112999999998,XIAO-IMU-2,83:49:4C:A3:DE:DB,3330,2000989,0,0
1667,1.9796134498516322,2,0.000488,0.0047856452,XIAO-IMU-2,83:49:4C:A3:DE:DB,3330,2000989,0,0
1668,1.9808009804154305,26,0.006344,0.062213387599999996,XIAO-IMU-2,83:49:4C:A3:DE:DB,3330,2000989,0,0
1669,1.9819885109792288,6,0.001464,0.014356935599999999,XIAO-IMU-2,83:49:4C:A3:DE:DB,3330,2000989,0,0
1670,1.9831760415430268,13,0.003172,0.031106693799999998,XIAO-IMU-2,83:49:4C:A3:DE:DB,3330,2000989,0,0
1671,1.9843635721068251,-1,-0.000244,-0.0023928226,XIAO-IMU-2,83:49:4C:A3:DE:DB,3330,2000989,0,0
1672,1.9855511026706234,2,0.000488,0.0047856452,XIAO-IMU-2,83:49:4C:A3:DE:DB,3330,2000989,0,0
1673,1.9867386332344217,-5,-0.00122,-0.011964112999999998,XIAO-IMU-2,83:49:4C:A3:DE:DB,3330,2000989,0,0
1674,1.9879261637982197,18,0.004391999999999999,0.04307080679999999,XIAO-IMU-2,83:49:4C:A3:DE:DB,3330,2000989,0,0
1675,1.989113694362018,14,0.0034159999999999998,0.0334995164,XIAO-IMU-2,83:49:4C:A3:DE:DB,3330,2000989,0,0
1676,1.9903012249258163,4,0.000976,0.0095712904,XIAO-IMU-2,83:49:4C:A3:DE:DB,3330,2000989,0,0
1677,1.9914887554896143,4,0.000976,0.0095712904,XIAO-IMU-2,83:49:4C:A3:DE:DB,3330,2000989,0,0
1678,1.9926762860534126,6,0.001464,0.014356935599999999,XIAO-IMU-2,83:49:4C:A3:DE:DB,3330,2000989,0,0
1679,1.993863816617211,-1,-0.000244,-0.0023928226,XIAO-IMU-2,83:49:4C:A3:DE:DB,3330,2000989,0,0
1680,1.9950513471810092,-6,-0.001464,-0.014356935599999999,XIAO-IMU-2,83:49:4C:A3:DE:DB,3330,2000989,0,0
1681,1.9962388777448072,-7,-0.0017079999999999999,-0.0167497582,XIAO-IMU-2,83:49:4C:A3:DE:DB,3330,2000989,0,0
1682,1.9974264083086055,-1,-0.000244,-0.0023928226,XIAO-IMU-2,83:49:4C:A3:DE:DB,3330,2000989,0,0
1683,1.9986139388724038,16,0.003904,0.0382851616,XIAO-IMU-2,83:49:4C:A3:DE:DB,3330,2000989,0,0
1684,1.999801469436202,-6,-0.001464,-0.014356935599999999,XIAO-IMU-2,83:49:4C:A3:DE:DB,3330,2000989,0,0
